"","Countynames","essential_job","number_of_jobs"
"1","Abbeville",0,105241
"1861","Abbeville",1,95655
"2","Acadia",0,127456
"1862","Acadia",1,73198
"3","Accomack",0,85373
"1863","Accomack",1,65694
"4","Ada",0,131146
"1864","Ada",1,53242
"5","Adair",0,317593
"1865","Adair",1,133826
"6","Adams",0,1079022
"1866","Adams",1,571087
"7","Adams,",0,83780
"1867","Adams,",1,50384
"8","Addison",0,96093
"1868","Addison",1,56964
"9","Aiken",0,149281
"1869","Aiken",1,79638
"10","Aitkin",0,64633
"1870","Aitkin",1,51403
"11","Alachua",0,143093
"1871","Alachua",1,73656
"12","Alamance",0,128228
"1872","Alamance",1,81096
"13","Alameda",0,134663
"1873","Alameda",1,107375
"14","Alamosa",0,88710
"1874","Alamosa",1,48617
"15","Albany",0,186649
"1875","Albany",1,136858
"16","Albemarle + Charlottesville,",0,115078
"1876","Albemarle + Charlottesville,",1,43488
"17","Alcona",0,101450
"1877","Alcona",1,38689
"18","Alcorn",0,95451
"1878","Alcorn",1,92229
"19","Aleutian Islands Census Area,",0,36
"1879","Aleutian Islands Census Area,",1,21
"20","Aleutian Islands Division,",0,36
"1880","Aleutian Islands Division,",1,21
"21","Aleutians East Borough,",0,35791
"1881","Aleutians East Borough,",1,29639
"22","Aleutians West Census Area,",0,39577
"1882","Aleutians West Census Area,",1,33841
"23","Alexander",0,108299
"1883","Alexander",1,74238
"24","Alexandria (Independent City)",0,143803
"1884","Alexandria (Independent City)",1,33304
"25","Alfalfa",0,51081
"1885","Alfalfa",1,34592
"26","Alger",0,81954
"1886","Alger",1,53791
"27","Allamakee",0,136945
"1887","Allamakee",1,40307
"28","Allegan",0,100142
"1888","Allegan",1,51294
"29","Allegany",0,173046
"1889","Allegany",1,124416
"30","Alleghany",0,73348
"1890","Alleghany",1,46943
"31","Alleghany + Covington,",0,55499
"1891","Alleghany + Covington,",1,37777
"32","Allegheny",0,157808
"1892","Allegheny",1,77661
"33","Allen",0,497794
"1893","Allen",1,246654
"34","Allendale",0,80452
"1894","Allendale",1,58067
"35","Alpena",0,77009
"1895","Alpena",1,72609
"36","Alpine",0,35965
"1896","Alpine",1,38293
"37","Amador",0,83638
"1897","Amador",1,47270
"38","Amelia",0,85242
"1898","Amelia",1,33680
"39","Amherst",0,98122
"1899","Amherst",1,52363
"40","Amite",0,15719
"1900","Amite",1,53497
"41","Anchorage Municipality",0,148444
"1901","Anchorage Municipality",1,79837
"42","Anderson",0,577818
"1902","Anderson",1,256371
"43","Andrew",0,70704
"1903","Andrew",1,20545
"44","Andrews",0,100679
"1904","Andrews",1,52610
"45","Androscoggin",0,125916
"1905","Androscoggin",1,46907
"46","Angelina",0,134971
"1906","Angelina",1,64449
"47","Angoon Division,",0,36
"1907","Angoon Division,",1,21
"48","Anne Arundel",0,113628
"1908","Anne Arundel",1,62591
"49","Anoka",0,128844
"1909","Anoka",1,36189
"50","Anson",0,104397
"1910","Anson",1,58485
"51","Antelope",0,105404
"1911","Antelope",1,27627
"52","Antrim",0,135054
"1912","Antrim",1,1784
"53","Apache",0,95393
"1913","Apache",1,65729
"54","Appanoose",0,99633
"1914","Appanoose",1,42487
"55","Appling",0,57833
"1915","Appling",1,60944
"56","Appomattox",0,81276
"1916","Appomattox",1,37161
"57","Aransas",0,128728
"1917","Aransas",1,38620
"58","Arapahoe",0,141562
"1918","Arapahoe",1,75469
"59","Archer",0,38244
"1919","Archer",1,23955
"60","Archuleta",0,172495
"1920","Archuleta",1,58969
"61","Arenac",0,120112
"1921","Arenac",1,39013
"62","Arkansas",0,108771
"1922","Arkansas",1,77097
"63","Arlington",0,131416
"1923","Arlington",1,40094
"64","Armstrong",0,221761
"1924","Armstrong",1,76893
"65","Aroostook",0,133315
"1925","Aroostook",1,32165
"66","Arthur",0,60090
"1926","Arthur",1,34451
"67","Ascension",0,124821
"1927","Ascension",1,44757
"68","Ashe",0,128809
"1928","Ashe",1,39645
"69","Ashland",0,185478
"1929","Ashland",1,82354
"70","Ashley",0,103433
"1930","Ashley",1,37390
"71","Ashtabula",0,143345
"1931","Ashtabula",1,75788
"72","Asotin",0,121732
"1932","Asotin",1,35090
"73","Assumption",0,71532
"1933","Assumption",1,62868
"74","Atascosa",0,97705
"1934","Atascosa",1,89387
"75","Atchison",0,162317
"1935","Atchison",1,60536
"76","Athens",0,123334
"1936","Athens",1,67705
"77","Atkinson",0,79125
"1937","Atkinson",1,22635
"78","Atlantic",0,134543
"1938","Atlantic",1,110950
"79","Atoka",0,90541
"1939","Atoka",1,36521
"80","Attala",0,108061
"1940","Attala",1,85883
"81","Audrain",0,86005
"1941","Audrain",1,85343
"82","Audubon",0,25213
"1942","Audubon",1,14274
"83","Auglaize",0,92046
"1943","Auglaize",1,44143
"84","Augusta, Staunton + Waynesboro,",0,115658
"1944","Augusta, Staunton + Waynesboro,",1,43952
"85","Aurora",0,66046
"1945","Aurora",1,40743
"86","Austin",0,157294
"1946","Austin",1,45069
"87","Autauga",0,124161
"1947","Autauga",1,34836
"88","Avery",0,108328
"1948","Avery",1,26532
"89","Avoyelles",0,110538
"1949","Avoyelles",1,47920
"90","Baca",0,12999
"1950","Baca",1,45777
"91","Bacon",0,25841
"1951","Bacon",1,17963
"92","Bailey",0,50231
"1952","Bailey",1,21749
"93","Baker",0,359408
"1953","Baker",1,143026
"94","Baldwin",0,232951
"1954","Baldwin",1,123749
"95","Ballard",0,40161
"1955","Ballard",1,45150
"96","Baltimore",0,142687
"1956","Baltimore",1,59882
"97","Baltimore (Independent City)",0,114410
"1957","Baltimore (Independent City)",1,44558
"98","Bamberg",0,99089
"1958","Bamberg",1,40427
"99","Bandera",0,151265
"1959","Bandera",1,12838
"100","Banks",0,90871
"1960","Banks",1,55391
"101","Banner",0,93700
"1961","Banner",1,41749
"102","Bannock",0,154421
"1962","Bannock",1,25209
"103","Baraga",0,50982
"1963","Baraga",1,29082
"104","Barber",0,50401
"1964","Barber",1,47994
"105","Barbour",0,167123
"1965","Barbour",1,81970
"106","Barnes",0,127014
"1966","Barnes",1,39650
"107","Barnstable",0,142872
"1967","Barnstable",1,37464
"108","Barnwell",0,69687
"1968","Barnwell",1,39482
"109","Barren",0,130196
"1969","Barren",1,51512
"110","Barron",0,113922
"1970","Barron",1,45513
"111","Barrow",0,93651
"1971","Barrow",1,25903
"112","Barrow-North Slope Division,",0,36
"1972","Barrow-North Slope Division,",1,21
"113","Barry",0,176532
"1973","Barry",1,95396
"114","Bartholomew",0,145419
"1974","Bartholomew",1,26895
"115","Barton",0,214709
"1975","Barton",1,80167
"116","Bartow",0,107335
"1976","Bartow",1,28788
"117","Bastrop",0,76557
"1977","Bastrop",1,67698
"118","Bates",0,79321
"1978","Bates",1,30720
"119","Bath",0,80597
"1979","Bath",1,61130
"120","Baxter",0,73089
"1980","Baxter",1,52566
"121","Bay",0,201431
"1981","Bay",1,89786
"122","Bayfield",0,70291
"1982","Bayfield",1,50142
"123","Baylor",0,42701
"1983","Baylor",1,14004
"124","Beadle",0,93642
"1984","Beadle",1,37493
"125","Bear Lake",0,80015
"1985","Bear Lake",1,21182
"126","Beaufort",0,267071
"1986","Beaufort",1,80798
"127","Beauregard",0,124770
"1987","Beauregard",1,62182
"128","Beaver",0,193769
"1988","Beaver",1,145486
"129","Beaverhead",0,116690
"1989","Beaverhead",1,19932
"130","Becker",0,128706
"1990","Becker",1,36847
"131","Beckham",0,126373
"1991","Beckham",1,76665
"132","Bedford",0,169625
"1992","Bedford",1,76520
"133","Bedford,",0,103191
"1993","Bedford,",1,58164
"134","Bee",0,98490
"1994","Bee",1,63377
"135","Belknap",0,98718
"1995","Belknap",1,65051
"136","Bell",0,195568
"1996","Bell",1,179571
"137","Belmont",0,137842
"1997","Belmont",1,70646
"138","Beltrami",0,165469
"1998","Beltrami",1,42946
"139","Ben Hill",0,85256
"1999","Ben Hill",1,44359
"140","Benewah",0,81038
"2000","Benewah",1,58335
"141","Bennett",0,52874
"2001","Bennett",1,13225
"142","Bennington",0,69655
"2002","Bennington",1,40951
"143","Benson",0,89880
"2003","Benson",1,29522
"144","Bent",0,64944
"2004","Bent",1,8901
"145","Benton",0,784285
"2005","Benton",1,497602
"146","Benzie",0,127336
"2006","Benzie",1,34800
"147","Bergen",0,134542
"2007","Bergen",1,62584
"148","Berkeley",0,243352
"2008","Berkeley",1,103658
"149","Berks",0,113889
"2009","Berks",1,85898
"150","Berkshire",0,148734
"2010","Berkshire",1,24241
"151","Bernalillo",0,154436
"2011","Bernalillo",1,31810
"152","Berrien",0,218454
"2012","Berrien",1,65162
"153","Bertie",0,73153
"2013","Bertie",1,9361
"154","Bethel Census Area,",0,87454
"2014","Bethel Census Area,",1,36129
"155","Bethel Division,",0,36
"2015","Bethel Division,",1,21
"156","Bexar",0,125675
"2016","Bexar",1,92083
"157","Bibb",0,203645
"2017","Bibb",1,80799
"158","Bienville",0,42496
"2018","Bienville",1,68992
"159","Big Horn",0,161660
"2019","Big Horn",1,110648
"160","Big Stone",0,48280
"2020","Big Stone",1,22923
"161","Billings",0,66544
"2021","Billings",1,14004
"162","Bingham",0,124931
"2022","Bingham",1,82887
"163","Black Hawk",0,129225
"2023","Black Hawk",1,29549
"164","Blackford",0,63230
"2024","Blackford",1,18384
"165","Bladen",0,102353
"2025","Bladen",1,73443
"166","Blaine",0,329853
"2026","Blaine",1,154596
"167","Blair",0,133043
"2027","Blair",1,71820
"168","Blanco",0,95498
"2028","Blanco",1,40839
"169","Bland",0,17331
"2029","Bland",1,18294
"170","Bleckley",0,82561
"2030","Bleckley",1,26550
"171","Bledsoe",0,84681
"2031","Bledsoe",1,29874
"172","Blount",0,251242
"2032","Blount",1,92903
"173","Blue Earth",0,109431
"2033","Blue Earth",1,38779
"174","Boise",0,42265
"2034","Boise",1,23805
"175","Bolivar",0,102721
"2035","Bolivar",1,72852
"176","Bollinger",0,47645
"2036","Bollinger",1,21458
"177","Bon Homme",0,112564
"2037","Bon Homme",1,26039
"178","Bond",0,81664
"2038","Bond",1,58036
"179","Bonner",0,118790
"2039","Bonner",1,64365
"180","Bonneville",0,92344
"2040","Bonneville",1,47297
"181","Boone",0,833216
"2041","Boone",1,406825
"182","Borden",0,52669
"2042","Borden",1,17
"183","Bosque",0,92618
"2043","Bosque",1,58413
"184","Bossier",0,156220
"2044","Bossier",1,54695
"185","Botetourt",0,91963
"2045","Botetourt",1,9488
"186","Bottineau",0,51432
"2046","Bottineau",1,28803
"187","Boulder,",0,112682
"2047","Boulder,",1,88676
"188","Boundary",0,78832
"2048","Boundary",1,53110
"189","Bourbon",0,246342
"2049","Bourbon",1,94143
"190","Bowie",0,142530
"2050","Bowie",1,49077
"191","Bowman",0,59902
"2051","Bowman",1,36623
"192","Box Butte",0,89591
"2052","Box Butte",1,38729
"193","Box Elder",0,119482
"2053","Box Elder",1,90867
"194","Boyd",0,224271
"2054","Boyd",1,107030
"195","Boyle",0,96926
"2055","Boyle",1,42570
"196","Bracken",0,76221
"2056","Bracken",1,55363
"197","Bradford",0,273995
"2057","Bradford",1,128893
"198","Bradley",0,202800
"2058","Bradley",1,82898
"199","Branch",0,83918
"2059","Branch",1,73924
"200","Brantley",0,63585
"2060","Brantley",1,29488
"201","Braxton",0,129991
"2061","Braxton",1,83221
"202","Brazoria",0,107820
"2062","Brazoria",1,73363
"203","Brazos",0,129555
"2063","Brazos",1,92229
"204","Breathitt",0,71268
"2064","Breathitt",1,53240
"205","Breckinridge",0,100995
"2065","Breckinridge",1,38155
"206","Bremer",0,85677
"2066","Bremer",1,34738
"207","Brevard",0,117259
"2067","Brevard",1,92736
"208","Brewster",0,73496
"2068","Brewster",1,43938
"209","Briscoe",0,89796
"2069","Briscoe",1,43608
"210","Bristol",0,220198
"2070","Bristol",1,39873
"211","Bristol Bay Borough",0,23487
"2071","Bristol Bay Borough",1,51505
"212","Bristol Bay Division,",0,36
"2072","Bristol Bay Division,",1,21
"213","Broadwater",0,52897
"2073","Broadwater",1,32050
"214","Bronx",0,109442
"2074","Bronx",1,28247
"215","Brooke",0,76099
"2075","Brooke",1,26104
"216","Brookings",0,84640
"2076","Brookings",1,63506
"217","Brooks",0,172735
"2077","Brooks",1,107225
"218","Broome",0,111334
"2078","Broome",1,62679
"219","Broomfield,",0,137103
"2079","Broomfield,",1,30365
"220","Broward",0,136665
"2080","Broward",1,83893
"221","Brown",0,870063
"2081","Brown",1,407306
"222","Brule",0,85431
"2082","Brule",1,41654
"223","Brunswick",0,211399
"2083","Brunswick",1,72042
"224","Bryan",0,213345
"2084","Bryan",1,133194
"225","Buchanan",0,367838
"2085","Buchanan",1,111324
"226","Buckingham",0,92103
"2086","Buckingham",1,24950
"227","Bucks",0,126829
"2087","Bucks",1,71133
"228","Buena Vista",0,116586
"2088","Buena Vista",1,75884
"229","Buffalo",0,245346
"2089","Buffalo",1,135720
"230","Bullitt",0,103846
"2090","Bullitt",1,39393
"231","Bulloch",0,93707
"2091","Bulloch",1,20923
"232","Bullock",0,81965
"2092","Bullock",1,25080
"233","Buncombe",0,83302
"2093","Buncombe",1,69854
"234","Bureau",0,71950
"2094","Bureau",1,31554
"235","Burke",0,212976
"2095","Burke",1,148823
"236","Burleigh",0,127582
"2096","Burleigh",1,46324
"237","Burleson",0,124448
"2097","Burleson",1,84887
"238","Burlington",0,104721
"2098","Burlington",1,30174
"239","Burnet",0,82337
"2099","Burnet",1,51775
"240","Burnett",0,113878
"2100","Burnett",1,22403
"241","Burt",0,75361
"2101","Burt",1,17899
"242","Butler",0,720223
"2102","Butler",1,407900
"243","Butte",0,291425
"2103","Butte",1,178758
"244","Butts",0,84171
"2104","Butts",1,3322
"245","Cabarrus",0,116087
"2105","Cabarrus",1,53447
"246","Cabell",0,131229
"2106","Cabell",1,56477
"247","Cache",0,159846
"2107","Cache",1,54210
"248","Caddo",0,201511
"2108","Caddo",1,148635
"249","Calaveras",0,73233
"2109","Calaveras",1,44184
"250","Calcasieu",0,118780
"2110","Calcasieu",1,74596
"251","Caldwell",0,472464
"2111","Caldwell",1,235008
"252","Caledonia",0,124976
"2112","Caledonia",1,44434
"253","Calhoun",0,818629
"2113","Calhoun",1,433962
"254","Callahan",0,90406
"2114","Callahan",1,46910
"255","Callaway",0,94018
"2115","Callaway",1,35173
"256","Calloway",0,111417
"2116","Calloway",1,48349
"257","Calumet",0,81984
"2117","Calumet",1,53460
"258","Calvert",0,129410
"2118","Calvert",1,46370
"259","Camas",0,27383
"2119","Camas",1,24581
"260","Cambria",0,149905
"2120","Cambria",1,58688
"261","Camden",0,390249
"2121","Camden",1,198761
"262","Cameron",0,181641
"2122","Cameron",1,158868
"263","Camp",0,108313
"2123","Camp",1,39060
"264","Campbell",0,351135
"2124","Campbell",1,158469
"265","Campbell + Lynchburg,",0,127276
"2125","Campbell + Lynchburg,",1,14420
"266","Canadian",0,143644
"2126","Canadian",1,68415
"267","Candler",0,54678
"2127","Candler",1,45034
"268","Cannon",0,65208
"2128","Cannon",1,41849
"269","Canyon",0,125472
"2129","Canyon",1,39086
"270","Cape Girardeau",0,128646
"2130","Cape Girardeau",1,45368
"271","Cape May",0,121284
"2131","Cape May",1,76670
"272","Carbon",0,421458
"2132","Carbon",1,277418
"273","Caribou",0,57744
"2133","Caribou",1,79923
"274","Carlisle",0,30404
"2134","Carlisle",1,73409
"275","Carlton",0,96440
"2135","Carlton",1,50599
"276","Caroline",0,174330
"2136","Caroline",1,68455
"277","Carroll",0,1236028
"2137","Carroll",1,551101
"278","Carroll + Galax,",0,107334
"2138","Carroll + Galax,",1,30295
"279","Carson",0,36504
"2139","Carson",1,15785
"280","Carson City (Independent City)",0,106747
"2140","Carson City (Independent City)",1,33506
"281","Carter",0,421538
"2141","Carter",1,156670
"282","Carteret",0,109703
"2142","Carteret",1,51264
"283","Carver",0,113371
"2143","Carver",1,43760
"284","Cascade",0,132520
"2144","Cascade",1,37356
"285","Casey",0,93829
"2145","Casey",1,18731
"286","Cass",0,1028830
"2146","Cass",1,458997
"287","Cassia",0,96041
"2147","Cassia",1,77446
"288","Castro",0,64497
"2148","Castro",1,75561
"289","Caswell",0,76590
"2149","Caswell",1,59450
"290","Catahoula",0,101253
"2150","Catahoula",1,39950
"291","Catawba",0,151136
"2151","Catawba",1,38649
"292","Catoosa",0,98174
"2152","Catoosa",1,9654
"293","Catron",0,26506
"2153","Catron",1,44302
"294","Cattaraugus",0,87368
"2154","Cattaraugus",1,90129
"295","Cavalier",0,50380
"2155","Cavalier",1,25245
"296","Cayuga",0,133478
"2156","Cayuga",1,37533
"297","Cecil",0,111648
"2157","Cecil",1,85928
"298","Cedar",0,295834
"2158","Cedar",1,118929
"299","Centre",0,139748
"2159","Centre",1,87749
"300","Cerro Gordo",0,98483
"2160","Cerro Gordo",1,15615
"301","Chaffee",0,155829
"2161","Chaffee",1,45732
"302","Chambers",0,117485
"2162","Chambers",1,145254
"303","Champaign",0,185665
"2163","Champaign",1,107505
"304","Chariton",0,77948
"2164","Chariton",1,17635
"305","Charles",0,158215
"2165","Charles",1,48090
"306","Charles City",0,43370
"2166","Charles City",1,50884
"307","Charles Mix",0,56404
"2167","Charles Mix",1,28157
"308","Charleston",0,131573
"2168","Charleston",1,80773
"309","Charlevoix",0,103460
"2169","Charlevoix",1,22881
"310","Charlotte",0,222167
"2170","Charlotte",1,153718
"311","Charlton",0,46022
"2171","Charlton",1,33780
"312","Chase",0,174676
"2172","Chase",1,64249
"313","Chatham",0,260039
"2173","Chatham",1,91076
"314","Chattahoochee",0,41374
"2174","Chattahoochee",1,16
"315","Chattooga",0,108385
"2175","Chattooga",1,30763
"316","Chautauqua",0,176424
"2176","Chautauqua",1,119733
"317","Chaves",0,127986
"2177","Chaves",1,76031
"318","Cheatham",0,76436
"2178","Cheatham",1,33786
"319","Cheboygan",0,123794
"2179","Cheboygan",1,32384
"320","Chelan",0,133462
"2180","Chelan",1,57762
"321","Chemung",0,104109
"2181","Chemung",1,48282
"322","Chenango",0,85725
"2182","Chenango",1,30418
"323","Cherokee",0,840411
"2183","Cherokee",1,411383
"324","Cherry",0,88584
"2184","Cherry",1,33611
"325","Chesapeake (Independent City)",0,89057
"2185","Chesapeake (Independent City)",1,73814
"326","Cheshire",0,95382
"2186","Cheshire",1,28364
"327","Chester",0,245575
"2187","Chester",1,173257
"328","Chesterfield",0,149753
"2188","Chesterfield",1,126753
"329","Cheyenne",0,198305
"2189","Cheyenne",1,127921
"330","Chickasaw",0,174270
"2190","Chickasaw",1,67203
"331","Chicot",0,87789
"2191","Chicot",1,70760
"332","Childress",0,81608
"2192","Childress",1,18628
"333","Chilton",0,73865
"2193","Chilton",1,61238
"334","Chippewa",0,305887
"2194","Chippewa",1,142361
"335","Chisago",0,115589
"2195","Chisago",1,27335
"336","Chittenden",0,133417
"2196","Chittenden",1,45728
"337","Choctaw",0,209206
"2197","Choctaw",1,159713
"338","Chouteau",0,54956
"2198","Chouteau",1,57794
"339","Chowan",0,107849
"2199","Chowan",1,75371
"340","Christian",0,318105
"2200","Christian",1,132726
"341","Churchill",0,148706
"2201","Churchill",1,85530
"342","Cibola",0,86894
"2202","Cibola",1,39084
"343","Cimarron",0,87264
"2203","Cimarron",1,33402
"344","Citrus",0,129254
"2204","Citrus",1,91908
"345","Clackamas",0,85585
"2205","Clackamas",1,65123
"346","Claiborne",0,170174
"2206","Claiborne",1,203192
"347","Clallam",0,107691
"2207","Clallam",1,76162
"348","Clare",0,144202
"2208","Clare",1,30565
"349","Clarendon",0,113930
"2209","Clarendon",1,63191
"350","Clarion",0,119577
"2210","Clarion",1,76058
"351","Clark",0,1106440
"2211","Clark",1,535924
"352","Clarke",0,562992
"2212","Clarke",1,239065
"353","Clatsop",0,146913
"2213","Clatsop",1,47207
"354","Clay",0,1457529
"2214","Clay",1,722043
"355","Clayton",0,174318
"2215","Clayton",1,62079
"356","Clear Creek",0,139274
"2216","Clear Creek",1,40015
"357","Clearfield",0,126031
"2217","Clearfield",1,80566
"358","Clearwater",0,169927
"2218","Clearwater",1,77754
"359","Cleburne",0,207878
"2219","Cleburne",1,115075
"360","Clermont",0,137954
"2220","Clermont",1,68413
"361","Cleveland",0,268374
"2221","Cleveland",1,148285
"362","Clinch",0,74105
"2222","Clinch",1,49504
"363","Clinton",0,932793
"2223","Clinton",1,390518
"364","Cloud",0,86877
"2224","Cloud",1,25425
"365","Coahoma",0,101353
"2225","Coahoma",1,67647
"366","Coal",0,76074
"2226","Coal",1,34325
"367","Cobb",0,132374
"2227","Cobb",1,62998
"368","Cochise",0,139522
"2228","Cochise",1,77320
"369","Cochran",0,67880
"2229","Cochran",1,23194
"370","Cocke",0,84155
"2230","Cocke",1,49307
"371","Coconino",0,133625
"2231","Coconino",1,56977
"372","Codington",0,109533
"2232","Codington",1,57805
"373","Coffee",0,255703
"2233","Coffee",1,211397
"374","Coffey",0,71972
"2234","Coffey",1,46528
"375","Coke",0,32843
"2235","Coke",1,20065
"376","Colbert",0,101304
"2236","Colbert",1,51858
"377","Cole",0,140553
"2237","Cole",1,34326
"378","Coleman",0,62909
"2238","Coleman",1,33147
"379","Coles",0,85998
"2239","Coles",1,54353
"380","Colfax",0,135438
"2240","Colfax",1,82568
"381","Colleton",0,67899
"2241","Colleton",1,33338
"382","Collier",0,66771
"2242","Collier",1,74844
"383","Collin",0,133895
"2243","Collin",1,85403
"384","Collingsworth",0,89816
"2244","Collingsworth",1,36457
"385","Colorado",0,97299
"2245","Colorado",1,80910
"386","Colquitt",0,88863
"2246","Colquitt",1,55011
"387","Columbia",0,926669
"2247","Columbia",1,359388
"388","Columbiana",0,103186
"2248","Columbiana",1,53938
"389","Columbus",0,116671
"2249","Columbus",1,43509
"390","Colusa",0,109890
"2250","Colusa",1,54194
"391","Comal",0,135936
"2251","Comal",1,74688
"392","Comanche",0,241337
"2252","Comanche",1,142959
"393","Concho",0,69030
"2253","Concho",1,14
"394","Concordia",0,86418
"2254","Concordia",1,58619
"395","Conecuh",0,100492
"2255","Conecuh",1,52331
"396","Conejos",0,50142
"2256","Conejos",1,87175
"397","Contra Costa",0,139719
"2257","Contra Costa",1,38289
"398","Converse",0,142389
"2258","Converse",1,71764
"399","Conway",0,104447
"2259","Conway",1,104152
"400","Cook",0,296884
"2260","Cook",1,125504
"401","Cooke",0,46042
"2261","Cooke",1,60435
"402","Cooper",0,81420
"2262","Cooper",1,39426
"403","Coos",0,220574
"2263","Coos",1,104194
"404","Coosa",0,49464
"2264","Coosa",1,35467
"405","Copiah",0,94439
"2265","Copiah",1,67349
"406","Cordova-McCarthy Division,",0,36
"2266","Cordova-McCarthy Division,",1,21
"407","Corson",0,19804
"2267","Corson",1,34370
"408","Cortland",0,97633
"2268","Cortland",1,57630
"409","Coryell",0,94252
"2269","Coryell",1,66173
"410","Coshocton",0,127135
"2270","Coshocton",1,73357
"411","Costilla",0,54730
"2271","Costilla",1,26673
"412","Cottle",0,61424
"2272","Cottle",1,16552
"413","Cotton",0,89853
"2273","Cotton",1,3416
"414","Cottonwood",0,96835
"2274","Cottonwood",1,29563
"415","Covington",0,173341
"2275","Covington",1,120579
"416","Coweta",0,135492
"2276","Coweta",1,52776
"417","Cowley",0,112119
"2277","Cowley",1,59368
"418","Cowlitz",0,122371
"2278","Cowlitz",1,59791
"419","Craig",0,180529
"2279","Craig",1,59276
"420","Craighead",0,150390
"2280","Craighead",1,47655
"421","Crane",0,111293
"2281","Crane",1,16811
"422","Craven",0,125792
"2282","Craven",1,78043
"423","Crawford",0,1003279
"2283","Crawford",1,566234
"424","Creek",0,55169
"2284","Creek",1,66683
"425","Crenshaw",0,80266
"2285","Crenshaw",1,26955
"426","Crisp",0,82767
"2286","Crisp",1,28208
"427","Crittenden",0,230989
"2287","Crittenden",1,103541
"428","Crockett",0,176378
"2288","Crockett",1,51812
"429","Crook",0,196438
"2289","Crook",1,97995
"430","Crosby",0,58657
"2290","Crosby",1,51119
"431","Cross",0,109898
"2291","Cross",1,68149
"432","Crow Wing",0,136784
"2292","Crow Wing",1,42602
"433","Crowley",0,96184
"2293","Crowley",1,24929
"434","Culberson",0,44349
"2294","Culberson",1,23217
"435","Cullman",0,97956
"2295","Cullman",1,38939
"436","Culpeper",0,108620
"2296","Culpeper",1,30322
"437","Cumberland",0,832074
"2297","Cumberland",1,439192
"438","Cuming",0,117676
"2298","Cuming",1,45846
"439","Currituck",0,80616
"2299","Currituck",1,9511
"440","Curry",0,280200
"2300","Curry",1,112257
"441","Custer",0,487532
"2301","Custer",1,264888
"442","Cuyahoga",0,148645
"2302","Cuyahoga",1,57984
"443","Dade",0,152416
"2303","Dade",1,65865
"444","Daggett",0,54877
"2304","Daggett",1,38652
"445","Dakota",0,235000
"2305","Dakota",1,106887
"446","Dale",0,93827
"2306","Dale",1,61716
"447","Dallam",0,112048
"2307","Dallam",1,75266
"448","Dallas",0,508903
"2308","Dallas",1,231305
"449","Dane",0,102569
"2309","Dane",1,38651
"450","Daniels",0,76305
"2310","Daniels",1,32188
"451","Dare",0,84888
"2311","Dare",1,73809
"452","Darke",0,79622
"2312","Darke",1,41864
"453","Darlington",0,139170
"2313","Darlington",1,63636
"454","Dauphin",0,103180
"2314","Dauphin",1,56966
"455","Davidson",0,292989
"2315","Davidson",1,102675
"456","Davie",0,118276
"2316","Davie",1,35408
"457","Daviess",0,277142
"2317","Daviess",1,147250
"458","Davis",0,165238
"2318","Davis",1,84376
"459","Davison",0,150344
"2319","Davison",1,73610
"460","Dawes",0,83957
"2320","Dawes",1,28162
"461","Dawson",0,440987
"2321","Dawson",1,204287
"462","Day",0,61023
"2322","Day",1,21421
"463","De Baca",0,59387
"2323","De Baca",1,5982
"464","De Soto",0,102910
"2324","De Soto",1,87360
"465","De Witt",0,114805
"2325","De Witt",1,43246
"466","Deaf Smith",0,106146
"2326","Deaf Smith",1,83238
"467","Dearborn",0,98796
"2327","Dearborn",1,50639
"468","Decatur",0,416659
"2328","Decatur",1,184118
"469","Deer Lodge",0,105368
"2329","Deer Lodge",1,31237
"470","Defiance",0,101977
"2330","Defiance",1,58378
"471","DeKalb",0,645598
"2331","DeKalb",1,274060
"472","Del Norte",0,87479
"2332","Del Norte",1,50778
"473","Delaware",0,715191
"2333","Delaware",1,293734
"474","Delta",0,274951
"2334","Delta",1,140219
"475","Denali Borough,",0,61431
"2335","Denali Borough,",1,34761
"476","Dent",0,91800
"2336","Dent",1,37030
"477","Denton",0,130592
"2337","Denton",1,80095
"478","Denver",0,138540
"2338","Denver",1,64542
"479","Des Moines",0,133643
"2339","Des Moines",1,19672
"480","Deschutes",0,127853
"2340","Deschutes",1,81316
"481","Desha",0,79168
"2341","Desha",1,24210
"482","DeSoto",0,239730
"2342","DeSoto",1,117273
"483","Deuel",0,123208
"2343","Deuel",1,78446
"484","Dewey",0,74250
"2344","Dewey",1,95676
"485","DeWitt",0,169638
"2345","DeWitt",1,48215
"486","Dickens",0,123706
"2346","Dickens",1,14
"487","Dickenson",0,57389
"2347","Dickenson",1,80809
"488","Dickey",0,56023
"2348","Dickey",1,34204
"489","Dickinson",0,298433
"2349","Dickinson",1,158474
"490","Dickson",0,120718
"2350","Dickson",1,38408
"491","Dillingham Census Area,",0,64827
"2351","Dillingham Census Area,",1,34555
"492","Dillon",0,75607
"2352","Dillon",1,35200
"493","Dimmit",0,91670
"2353","Dimmit",1,61314
"494","Dinwiddie, Colonial Heights + Petersburg,",0,114036
"2354","Dinwiddie, Colonial Heights + Petersburg,",1,26614
"495","District of Columbia",0,144893
"2355","District of Columbia",1,72969
"496","Divide",0,70753
"2356","Divide",1,7489
"497","Dixie",0,71318
"2357","Dixie",1,47534
"498","Dixon",0,61907
"2358","Dixon",1,48358
"499","Doddridge",0,68364
"2359","Doddridge",1,18453
"500","Dodge",0,422590
"2360","Dodge",1,172716
"501","Dolores",0,57252
"2361","Dolores",1,31595
"502","Doniphan",0,90121
"2362","Doniphan",1,27557
"503","Donley",0,78999
"2363","Donley",1,35731
"504","Dooly",0,73152
"2364","Dooly",1,26555
"505","Door",0,114796
"2365","Door",1,40414
"506","Dorchester",0,212809
"2366","Dorchester",1,83755
"507","Dougherty",0,174031
"2367","Dougherty",1,64295
"508","Douglas",0,1389521
"2368","Douglas",1,617634
"509","Drew",0,141522
"2369","Drew",1,71916
"510","Dubois",0,136302
"2370","Dubois",1,26931
"511","Dubuque",0,148282
"2371","Dubuque",1,57298
"512","Duchesne",0,127908
"2372","Duchesne",1,91393
"513","Dukes",0,43797
"2373","Dukes",1,42374
"514","Dundy",0,99062
"2374","Dundy",1,45548
"515","Dunklin",0,104033
"2375","Dunklin",1,48744
"516","Dunn",0,241297
"2376","Dunn",1,141252
"517","DuPage",0,146761
"2377","DuPage",1,93877
"518","Duplin",0,84740
"2378","Duplin",1,83109
"519","Durham",0,105054
"2379","Durham",1,72183
"520","Dutchess",0,134909
"2380","Dutchess",1,81380
"521","Duval",0,254598
"2381","Duval",1,125629
"522","Dyer",0,58340
"2382","Dyer",1,60775
"523","Eagle",0,147016
"2383","Eagle",1,81730
"524","Early",0,26760
"2384","Early",1,46388
"525","East Baton Rouge",0,130138
"2385","East Baton Rouge",1,51820
"526","East Carroll",0,84780
"2386","East Carroll",1,33598
"527","East Feliciana",0,64999
"2387","East Feliciana",1,63959
"528","Eastland",0,106355
"2388","Eastland",1,58638
"529","Eaton",0,168303
"2389","Eaton",1,66237
"530","Eau Claire",0,150890
"2390","Eau Claire",1,37907
"531","Echols",0,93068
"2391","Echols",1,26607
"532","Ector",0,169496
"2392","Ector",1,86685
"533","Eddy",0,141448
"2393","Eddy",1,106319
"534","Edgar",0,133684
"2394","Edgar",1,52809
"535","Edgecombe",0,78243
"2395","Edgecombe",1,80517
"536","Edgefield",0,84256
"2396","Edgefield",1,18265
"537","Edmonson",0,44251
"2397","Edmonson",1,37443
"538","Edmunds",0,51364
"2398","Edmunds",1,33961
"539","Edwards",0,262892
"2399","Edwards",1,28201
"540","Effingham",0,184360
"2400","Effingham",1,46966
"541","El Dorado",0,173969
"2401","El Dorado",1,71043
"542","El Paso",0,253370
"2402","El Paso",1,128029
"543","Elbert",0,293211
"2403","Elbert",1,62575
"544","Elk",0,203849
"2404","Elk",1,92462
"545","Elkhart",0,127324
"2405","Elkhart",1,68214
"546","Elko",0,132308
"2406","Elko",1,54725
"547","Elliott",0,39701
"2407","Elliott",1,30137
"548","Ellis",0,289168
"2408","Ellis",1,123996
"549","Ellsworth",0,84965
"2409","Ellsworth",1,51043
"550","Elmore",0,231478
"2410","Elmore",1,123113
"551","Emanuel",0,114197
"2411","Emanuel",1,64112
"552","Emery",0,56347
"2412","Emery",1,60689
"553","Emmet",0,170788
"2413","Emmet",1,86080
"554","Emmons",0,66549
"2414","Emmons",1,20132
"555","Erath",0,67708
"2415","Erath",1,63309
"556","Erie",0,410463
"2416","Erie",1,181571
"557","Escambia",0,192233
"2417","Escambia",1,152456
"558","Esmeralda",0,50526
"2418","Esmeralda",1,14
"559","Essex",0,618322
"2419","Essex",1,269411
"560","Estill",0,99401
"2420","Estill",1,49824
"561","Etowah",0,101314
"2421","Etowah",1,33056
"562","Eureka",0,71725
"2422","Eureka",1,16493
"563","Evangeline",0,131646
"2423","Evangeline",1,76767
"564","Evans",0,78527
"2424","Evans",1,41467
"565","Fairbanks North Star Borough",0,126261
"2425","Fairbanks North Star Borough",1,84527
"566","Fairfax, Fairfax City + Falls Church,",0,147916
"2426","Fairfax, Fairfax City + Falls Church,",1,45921
"567","Fairfield",0,387944
"2427","Fairfield",1,176659
"568","Fall River",0,93094
"2428","Fall River",1,59125
"569","Fallon",0,87594
"2429","Fallon",1,32623
"570","Falls",0,86028
"2430","Falls",1,22233
"571","Fannin",0,233252
"2431","Fannin",1,91333
"572","Faribault",0,118281
"2432","Faribault",1,32034
"573","Faulk",0,90126
"2433","Faulk",1,49302
"574","Faulkner",0,137110
"2434","Faulkner",1,72777
"575","Fauquier",0,128331
"2435","Fauquier",1,32274
"576","Fayette",0,1162636
"2436","Fayette",1,540844
"577","Fentress",0,50556
"2437","Fentress",1,40824
"578","Fergus",0,119910
"2438","Fergus",1,39740
"579","Ferry",0,34690
"2439","Ferry",1,17967
"580","Fillmore",0,166808
"2440","Fillmore",1,123060
"581","Finney",0,135414
"2441","Finney",1,77692
"582","Fisher",0,33854
"2442","Fisher",1,50139
"583","Flagler",0,125789
"2443","Flagler",1,45371
"584","Flathead",0,169725
"2444","Flathead",1,65092
"585","Fleming",0,86063
"2445","Fleming",1,42618
"586","Florence",0,202769
"2446","Florence",1,121433
"587","Floyd",0,702329
"2447","Floyd",1,307389
"588","Fluvanna",0,133736
"2448","Fluvanna",1,70752
"589","Foard",0,69472
"2449","Foard",1,6466
"590","Fond du Lac",0,143324
"2450","Fond du Lac",1,40040
"591","Ford",0,226739
"2451","Ford",1,157970
"592","Forest",0,137288
"2452","Forest",1,34911
"593","Forrest",0,135050
"2453","Forrest",1,61865
"594","Forsyth",0,237418
"2454","Forsyth",1,104065
"595","Fort Bend",0,129549
"2455","Fort Bend",1,89846
"596","Foster",0,104870
"2456","Foster",1,16685
"597","Fountain",0,102190
"2457","Fountain",1,32330
"598","Franklin",0,2605276
"2458","Franklin",1,1199223
"599","Frederick",0,62247
"2459","Frederick",1,30169
"600","Frederick + Winchester,",0,131538
"2460","Frederick + Winchester,",1,62467
"601","Freeborn",0,90752
"2461","Freeborn",1,44327
"602","Freestone",0,118789
"2462","Freestone",1,53883
"603","Fremont",0,316974
"2463","Fremont",1,182773
"604","Fremont (includes Yellowstone Park)",0,82352
"2464","Fremont (includes Yellowstone Park)",1,33441
"605","Fresno",0,136405
"2465","Fresno",1,66854
"606","Frio",0,84390
"2466","Frio",1,80158
"607","Frontier",0,75815
"2467","Frontier",1,53061
"608","Fulton",0,728492
"2468","Fulton",1,398063
"609","Furnas",0,94845
"2469","Furnas",1,13502
"610","Gadsden",0,92545
"2470","Gadsden",1,96013
"611","Gage",0,161685
"2471","Gage",1,35278
"612","Gaines",0,121734
"2472","Gaines",1,69510
"613","Gallatin",0,309274
"2473","Gallatin",1,124469
"614","Gallia",0,101277
"2474","Gallia",1,78067
"615","Galveston",0,130945
"2475","Galveston",1,84428
"616","Garden",0,18245
"2476","Garden",1,5468
"617","Garfield",0,356703
"2477","Garfield",1,270406
"618","Garland",0,142340
"2478","Garland",1,64372
"619","Garrard",0,82262
"2479","Garrard",1,46348
"620","Garrett",0,51071
"2480","Garrett",1,66021
"621","Garvin",0,115459
"2481","Garvin",1,28804
"622","Garza",0,45829
"2482","Garza",1,51569
"623","Gasconade",0,81115
"2483","Gasconade",1,48995
"624","Gaston",0,136936
"2484","Gaston",1,56831
"625","Gates",0,45961
"2485","Gates",1,30060
"626","Geary",0,107695
"2486","Geary",1,49931
"627","Geauga",0,118938
"2487","Geauga",1,43573
"628","Gem",0,119002
"2488","Gem",1,31062
"629","Genesee",0,240603
"2489","Genesee",1,94222
"630","Geneva",0,49377
"2490","Geneva",1,75407
"631","Gentry",0,49328
"2491","Gentry",1,23790
"632","George",0,82437
"2492","George",1,46587
"633","Georgetown",0,98724
"2493","Georgetown",1,55684
"634","Gibson",0,140870
"2494","Gibson",1,83488
"635","Gila",0,95922
"2495","Gila",1,45972
"636","Gilchrist",0,68761
"2496","Gilchrist",1,58427
"637","Giles",0,224397
"2497","Giles",1,69742
"638","Gillespie",0,57555
"2498","Gillespie",1,45303
"639","Gilliam",0,73477
"2499","Gilliam",1,39737
"640","Gilmer",0,125911
"2500","Gilmer",1,50723
"641","Gilpin",0,27742
"2501","Gilpin",1,33671
"642","Glacier",0,130042
"2502","Glacier",1,63921
"643","Glades",0,70761
"2503","Glades",1,33181
"644","Gladwin",0,75514
"2504","Gladwin",1,42729
"645","Glascock",0,65755
"2505","Glascock",1,19
"646","Glasscock",0,46330
"2506","Glasscock",1,27349
"647","Glenn",0,97241
"2507","Glenn",1,81675
"648","Gloucester",0,190003
"2508","Gloucester",1,103357
"649","Glynn",0,138588
"2509","Glynn",1,19375
"650","Gogebic",0,79504
"2510","Gogebic",1,52484
"651","Golden Valley",0,156854
"2511","Golden Valley",1,19804
"652","Goliad",0,52820
"2512","Goliad",1,36797
"653","Gonzales",0,99473
"2513","Gonzales",1,64064
"654","Goochland",0,163552
"2514","Goochland",1,87994
"655","Goodhue",0,113118
"2515","Goodhue",1,37508
"656","Gooding",0,68658
"2516","Gooding",1,65191
"657","Gordon",0,114464
"2517","Gordon",1,43185
"658","Goshen",0,104494
"2518","Goshen",1,71901
"659","Gosper",0,102832
"2519","Gosper",1,19
"660","Gove",0,130183
"2520","Gove",1,46099
"661","Grady",0,228037
"2521","Grady",1,123522
"662","Grafton",0,150348
"2522","Grafton",1,50303
"663","Graham",0,218007
"2523","Graham",1,141341
"664","Grainger",0,102148
"2524","Grainger",1,68971
"665","Grand",0,274431
"2525","Grand",1,76407
"666","Grand Forks",0,121240
"2526","Grand Forks",1,58578
"667","Grand Isle",0,64958
"2527","Grand Isle",1,18879
"668","Grand Traverse",0,108644
"2528","Grand Traverse",1,61254
"669","Granite",0,4005
"2529","Granite",1,48318
"670","Grant",0,1255958
"2530","Grant",1,566792
"671","Granville",0,89356
"2531","Granville",1,21478
"672","Gratiot",0,121409
"2532","Gratiot",1,44025
"673","Graves",0,122681
"2533","Graves",1,45213
"674","Gray",0,162170
"2534","Gray",1,104881
"675","Grays Harbor",0,104162
"2535","Grays Harbor",1,33768
"676","Grayson",0,293481
"2536","Grayson",1,156464
"677","Greeley",0,138759
"2537","Greeley",1,85511
"678","Green",0,186729
"2538","Green",1,68566
"679","Green Lake",0,115945
"2539","Green Lake",1,53036
"680","Greenbrier",0,133716
"2540","Greenbrier",1,95201
"681","Greene",0,1254816
"2541","Greene",1,558188
"682","Greenlee",0,30030
"2542","Greenlee",1,14555
"683","Greensville + Emporia,",0,60130
"2543","Greensville + Emporia,",1,16121
"684","Greenup",0,96381
"2544","Greenup",1,38681
"685","Greenville",0,146195
"2545","Greenville",1,61020
"686","Greenwood",0,175200
"2546","Greenwood",1,58140
"687","Greer",0,52771
"2547","Greer",1,8544
"688","Gregg",0,158013
"2548","Gregg",1,100477
"689","Gregory",0,125906
"2549","Gregory",1,20296
"690","Grenada",0,96615
"2550","Grenada",1,69822
"691","Griggs",0,85474
"2551","Griggs",1,61486
"692","Grimes",0,131389
"2552","Grimes",1,54008
"693","Grundy",0,362384
"2553","Grundy",1,164930
"694","Guadalupe",0,203542
"2554","Guadalupe",1,109315
"695","Guernsey",0,109232
"2555","Guernsey",1,87433
"696","Guilford",0,144091
"2556","Guilford",1,61733
"697","Gulf",0,71490
"2557","Gulf",1,88465
"698","Gunnison",0,118862
"2558","Gunnison",1,71572
"699","Guthrie",0,104718
"2559","Guthrie",1,31676
"700","Gwinnett",0,145577
"2560","Gwinnett",1,61838
"701","Haakon",0,87659
"2561","Haakon",1,38595
"702","Habersham",0,94363
"2562","Habersham",1,25742
"703","Haines Borough",0,87910
"2563","Haines Borough",1,25995
"704","Haines Division,",0,36
"2564","Haines Division,",1,21
"705","Hale",0,132033
"2565","Hale",1,152830
"706","Halifax",0,242191
"2566","Halifax",1,120224
"707","Hall",0,311669
"2567","Hall",1,209811
"708","Hamblen",0,132786
"2568","Hamblen",1,30009
"709","Hamilton",0,809131
"2569","Hamilton",1,454078
"710","Hamlin",0,55409
"2570","Hamlin",1,26986
"711","Hampden",0,95980
"2571","Hampden",1,42422
"712","Hampshire",0,212633
"2572","Hampshire",1,109374
"713","Hampton",0,86216
"2573","Hampton",1,55527
"714","Hampton (Independent City)",0,146092
"2574","Hampton (Independent City)",1,27321
"715","Hancock",0,850195
"2575","Hancock",1,452017
"716","Hand",0,39143
"2576","Hand",1,68591
"717","Hanover",0,147075
"2577","Hanover",1,71240
"718","Hansford",0,99704
"2578","Hansford",1,63325
"719","Hanson",0,53989
"2579","Hanson",1,40791
"720","Haralson",0,105397
"2580","Haralson",1,90556
"721","Hardee",0,125437
"2581","Hardee",1,41191
"722","Hardeman",0,150690
"2582","Hardeman",1,72082
"723","Hardin",0,578179
"2583","Hardin",1,305094
"724","Harding",0,84804
"2584","Harding",1,92506
"725","Hardy",0,102675
"2585","Hardy",1,72719
"726","Harford",0,145753
"2586","Harford",1,99736
"727","Harlan",0,115177
"2587","Harlan",1,77834
"728","Harmon",0,58778
"2588","Harmon",1,6463
"729","Harnett",0,108338
"2589","Harnett",1,22101
"730","Harney",0,117593
"2590","Harney",1,24105
"731","Harper",0,82324
"2591","Harper",1,71427
"732","Harris",0,219495
"2592","Harris",1,121713
"733","Harrison",0,729065
"2593","Harrison",1,425534
"734","Hart",0,236748
"2594","Hart",1,102050
"735","Hartford",0,123902
"2595","Hartford",1,81181
"736","Hartley",0,61659
"2596","Hartley",1,17838
"737","Harvey",0,127983
"2597","Harvey",1,34357
"738","Haskell",0,195064
"2598","Haskell",1,114796
"739","Hawaii",0,78124
"2599","Hawaii",1,15954
"740","Hawkins",0,65790
"2600","Hawkins",1,31951
"741","Hayes",0,60438
"2601","Hayes",1,19208
"742","Hays",0,140570
"2602","Hays",1,77325
"743","Haywood",0,199482
"2603","Haywood",1,66053
"744","Heard",0,108338
"2604","Heard",1,51240
"745","Hemphill",0,78123
"2605","Hemphill",1,64022
"746","Hempstead",0,76536
"2606","Hempstead",1,25752
"747","Henderson",0,565811
"2607","Henderson",1,292003
"748","Hendricks",0,118274
"2608","Hendricks",1,63604
"749","Hendry",0,81169
"2609","Hendry",1,81133
"750","Hennepin",0,138027
"2610","Hennepin",1,91476
"751","Henrico",0,115825
"2611","Henrico",1,84885
"752","Henry",0,876018
"2612","Henry",1,435813
"753","Henry + Martinsville,",0,93346
"2613","Henry + Martinsville,",1,84261
"754","Herkimer",0,126463
"2614","Herkimer",1,90806
"755","Hernando",0,121641
"2615","Hernando",1,65631
"756","Hertford",0,61947
"2616","Hertford",1,29105
"757","Hettinger",0,64533
"2617","Hettinger",1,40117
"758","Hickman",0,132773
"2618","Hickman",1,32973
"759","Hickory",0,60064
"2619","Hickory",1,10764
"760","Hidalgo",0,144989
"2620","Hidalgo",1,104458
"761","Highland",0,152048
"2621","Highland",1,113286
"762","Highlands",0,124588
"2622","Highlands",1,84338
"763","Hill",0,217601
"2623","Hill",1,98444
"764","Hillsborough",0,267485
"2624","Hillsborough",1,98195
"765","Hillsdale",0,111372
"2625","Hillsdale",1,78580
"766","Hinds",0,107885
"2626","Hinds",1,97637
"767","Hinsdale",0,66474
"2627","Hinsdale",1,15992
"768","Hitchcock",0,110571
"2628","Hitchcock",1,54261
"769","Hocking",0,78070
"2629","Hocking",1,59935
"770","Hockley",0,39739
"2630","Hockley",1,89523
"771","Hodgeman",0,60122
"2631","Hodgeman",1,26236
"772","Hoke",0,90671
"2632","Hoke",1,39305
"773","Holmes",0,240560
"2633","Holmes",1,137071
"774","Holt",0,205066
"2634","Holt",1,59368
"775","Honolulu",0,154697
"2635","Honolulu",1,53279
"776","Hood",0,84973
"2636","Hood",1,60542
"777","Hood River",0,137991
"2637","Hood River",1,76054
"778","Hooker",0,30408
"2638","Hooker",1,19
"779","Hoonah-Angoon Census Area,",0,49990
"2639","Hoonah-Angoon Census Area,",1,16165
"780","Hopkins",0,211394
"2640","Hopkins",1,129098
"781","Horry",0,97681
"2641","Horry",1,71310
"782","Hot Spring",0,82701
"2642","Hot Spring",1,48446
"783","Hot Springs",0,103286
"2643","Hot Springs",1,5910
"784","Houghton",0,93513
"2644","Houghton",1,93253
"785","Houston",0,615779
"2645","Houston",1,245234
"786","Howard",0,570917
"2646","Howard",1,282661
"787","Howell",0,126901
"2647","Howell",1,70395
"788","Hubbard",0,122412
"2648","Hubbard",1,82306
"789","Hudson",0,146185
"2649","Hudson",1,34679
"790","Hudspeth",0,41498
"2650","Hudspeth",1,14692
"791","Huerfano",0,78789
"2651","Huerfano",1,14572
"792","Hughes",0,166639
"2652","Hughes",1,75735
"793","Humboldt",0,260919
"2653","Humboldt",1,130556
"794","Humphreys",0,163128
"2654","Humphreys",1,67421
"795","Hunt",0,90768
"2655","Hunt",1,57855
"796","Hunterdon",0,142799
"2656","Hunterdon",1,36898
"797","Huntingdon",0,122875
"2657","Huntingdon",1,57264
"798","Huntington",0,104484
"2658","Huntington",1,84507
"799","Huron",0,208869
"2659","Huron",1,106829
"800","Hutchinson",0,127891
"2660","Hutchinson",1,64873
"801","Hyde",0,98213
"2661","Hyde",1,62587
"802","Iberia",0,96264
"2662","Iberia",1,50644
"803","Iberville",0,94874
"2663","Iberville",1,31475
"804","Ida",0,64277
"2664","Ida",1,21399
"805","Idaho",0,107091
"2665","Idaho",1,73172
"806","Imperial",0,144837
"2666","Imperial",1,77755
"807","Independence",0,77497
"2667","Independence",1,67998
"808","Indian River",0,148846
"2668","Indian River",1,69927
"809","Indiana",0,117538
"2669","Indiana",1,61980
"810","Ingham",0,93749
"2670","Ingham",1,58955
"811","Inyo",0,108397
"2671","Inyo",1,35765
"812","Ionia",0,111320
"2672","Ionia",1,26444
"813","Iosco",0,112502
"2673","Iosco",1,38523
"814","Iowa",0,234657
"2674","Iowa",1,59886
"815","Iredell",0,135676
"2675","Iredell",1,65907
"816","Irion",0,72250
"2676","Irion",1,71992
"817","Iron",0,342685
"2677","Iron",1,196170
"818","Iroquois",0,106280
"2678","Iroquois",1,55353
"819","Irwin",0,26054
"2679","Irwin",1,35145
"820","Isabella",0,126121
"2680","Isabella",1,42403
"821","Isanti",0,106668
"2681","Isanti",1,52478
"822","Island",0,83381
"2682","Island",1,53060
"823","Isle of Wight",0,134617
"2683","Isle of Wight",1,65571
"824","Issaquena",0,14796
"2684","Issaquena",1,18
"825","Itasca",0,111297
"2685","Itasca",1,43225
"826","Itawamba",0,125885
"2686","Itawamba",1,62177
"827","Izard",0,100020
"2687","Izard",1,29723
"828","Jack",0,63984
"2688","Jack",1,33955
"829","Jackson",0,2306233
"2689","Jackson",1,1133093
"830","James City + Williamsburg,",0,99978
"2690","James City + Williamsburg,",1,12547
"831","Jasper",0,734172
"2691","Jasper",1,380739
"832","Jay",0,174851
"2692","Jay",1,57914
"833","Jeff Davis",0,164135
"2693","Jeff Davis",1,68044
"834","Jefferson",0,2480725
"2694","Jefferson",1,1344925
"835","Jefferson Davis",0,182298
"2695","Jefferson Davis",1,131057
"836","Jefferson,",0,140144
"2696","Jefferson,",1,83129
"837","Jenkins",0,37489
"2697","Jenkins",1,43383
"838","Jennings",0,115680
"2698","Jennings",1,28368
"839","Jerauld",0,22311
"2699","Jerauld",1,2332
"840","Jerome",0,98760
"2700","Jerome",1,49373
"841","Jersey",0,75778
"2701","Jersey",1,31151
"842","Jessamine",0,81809
"2702","Jessamine",1,18065
"843","Jewell",0,50880
"2703","Jewell",1,27280
"844","Jim Hogg",0,65913
"2704","Jim Hogg",1,46695
"845","Jim Wells",0,87896
"2705","Jim Wells",1,75289
"846","Jo Daviess",0,95620
"2706","Jo Daviess",1,49295
"847","Johnson",0,1181080
"2707","Johnson",1,647488
"848","Johnston",0,234030
"2708","Johnston",1,121178
"849","Jones",0,455190
"2709","Jones",1,282587
"850","Josephine",0,130652
"2710","Josephine",1,79754
"851","Juab",0,60017
"2711","Juab",1,64672
"852","Judith Basin",0,76297
"2712","Judith Basin",1,34998
"853","Juneau",0,110957
"2713","Juneau",1,86944
"854","Juneau City and Borough",0,113069
"2714","Juneau City and Borough",1,53086
"855","Juniata",0,121544
"2715","Juniata",1,44316
"856","Kalamazoo",0,128955
"2716","Kalamazoo",1,43670
"857","Kalkaska",0,103499
"2717","Kalkaska",1,64784
"858","Kanabec",0,103655
"2718","Kanabec",1,30269
"859","Kanawha",0,138678
"2719","Kanawha",1,81251
"860","Kandiyohi",0,53741
"2720","Kandiyohi",1,57117
"861","Kane",0,174551
"2721","Kane",1,90261
"862","Kankakee",0,134993
"2722","Kankakee",1,43989
"863","Karnes",0,86398
"2723","Karnes",1,66588
"864","Kauai",0,71984
"2724","Kauai",1,8606
"865","Kaufman",0,121872
"2725","Kaufman",1,67144
"866","Kay",0,81726
"2726","Kay",1,67996
"867","Kearney",0,81353
"2727","Kearney",1,24817
"868","Kearny",0,69041
"2728","Kearny",1,3096
"869","Keith",0,125135
"2729","Keith",1,27023
"870","Kemper",0,60560
"2730","Kemper",1,55339
"871","Kenai Peninsula Borough",0,144524
"2731","Kenai Peninsula Borough",1,38555
"872","Kenai-Cook Inlet Division,",0,36
"2732","Kenai-Cook Inlet Division,",1,21
"873","Kendall",0,255743
"2733","Kendall",1,119194
"874","Kenedy",0,25264
"2734","Kenedy",1,14781
"875","Kennebec",0,119708
"2735","Kennebec",1,32224
"876","Kenosha",0,124692
"2736","Kenosha",1,63721
"877","Kent",0,553670
"2737","Kent",1,291343
"878","Kenton",0,152397
"2738","Kenton",1,58250
"879","Keokuk",0,69614
"2739","Keokuk",1,22582
"880","Kern",0,105262
"2740","Kern",1,36860
"881","Kerr",0,113181
"2741","Kerr",1,57498
"882","Kershaw",0,98505
"2742","Kershaw",1,60123
"883","Ketchikan Gateway Borough,",0,133446
"2743","Ketchikan Gateway Borough,",1,50498
"884","Kewaunee",0,54484
"2744","Kewaunee",1,34769
"885","Keweenaw",0,73722
"2745","Keweenaw",1,26461
"886","Keya Paha",0,54062
"2746","Keya Paha",1,11316
"887","Kidder",0,84492
"2747","Kidder",1,12980
"888","Kimball",0,53721
"2748","Kimball",1,39848
"889","Kimble",0,108757
"2749","Kimble",1,29265
"890","King",0,193378
"2750","King",1,105007
"891","King and Queen",0,39505
"2751","King and Queen",1,17566
"892","King George",0,109000
"2752","King George",1,28602
"893","King William",0,84529
"2753","King William",1,50035
"894","Kingfisher",0,98464
"2754","Kingfisher",1,63745
"895","Kingman",0,67623
"2755","Kingman",1,61119
"896","Kings",0,279974
"2756","Kings",1,129007
"897","Kingsbury",0,106954
"2757","Kingsbury",1,58122
"898","Kinney",0,33384
"2758","Kinney",1,10229
"899","Kiowa",0,193192
"2759","Kiowa",1,95589
"900","Kit Carson",0,91360
"2760","Kit Carson",1,52882
"901","Kitsap",0,140762
"2761","Kitsap",1,46761
"902","Kittitas",0,92958
"2762","Kittitas",1,70532
"903","Kittson",0,54506
"2763","Kittson",1,12472
"904","Klamath",0,114321
"2764","Klamath",1,50439
"905","Kleberg",0,77526
"2765","Kleberg",1,55757
"906","Klickitat",0,145509
"2766","Klickitat",1,56936
"907","Knott",0,24830
"2767","Knott",1,9513
"908","Knox",0,741448
"2768","Knox",1,471009
"909","Kodiak Island Borough",0,130211
"2769","Kodiak Island Borough",1,28086
"910","Koochiching",0,103911
"2770","Koochiching",1,63300
"911","Kootenai",0,158518
"2771","Kootenai",1,90855
"912","Kosciusko",0,114881
"2772","Kosciusko",1,35432
"913","Kossuth",0,95716
"2773","Kossuth",1,51512
"914","Kusilvak Census Area,",0,32157
"2774","Kusilvak Census Area,",1,14231
"915","Kuskokwim Division,",0,36
"2775","Kuskokwim Division,",1,21
"916","La Crosse",0,118774
"2776","La Crosse",1,68862
"917","La Paz",0,67810
"2777","La Paz",1,34161
"918","La Plata",0,118915
"2778","La Plata",1,65094
"919","La Salle",0,77662
"2779","La Salle",1,55502
"920","Labette",0,127936
"2780","Labette",1,38522
"921","Lac qui Parle",0,92314
"2781","Lac qui Parle",1,38188
"922","Lackawanna",0,146961
"2782","Lackawanna",1,72074
"923","Laclede",0,71597
"2783","Laclede",1,62527
"924","Lafayette",0,493536
"2784","Lafayette",1,298725
"925","Lafourche",0,127347
"2785","Lafourche",1,104390
"926","Lagrange",0,69400
"2786","Lagrange",1,72623
"927","Lake",0,1255335
"2787","Lake",1,563314
"928","Lake and Peninsula Borough,",0,22340
"2788","Lake and Peninsula Borough,",1,41641
"929","Lake of the Woods",0,107914
"2789","Lake of the Woods",1,35823
"930","Lamar",0,409434
"2790","Lamar",1,262874
"931","Lamb",0,59142
"2791","Lamb",1,63045
"932","Lamoille",0,160356
"2792","Lamoille",1,33298
"933","LaMoure",0,73469
"2793","LaMoure",1,36391
"934","Lampasas",0,69207
"2794","Lampasas",1,43982
"935","Lancaster",0,463072
"2795","Lancaster",1,135041
"936","Lander",0,79352
"2796","Lander",1,10490
"937","Lane",0,160932
"2797","Lane",1,68488
"938","Langlade",0,99674
"2798","Langlade",1,54204
"939","Lanier",0,62218
"2799","Lanier",1,49963
"940","Lapeer",0,94313
"2800","Lapeer",1,56648
"941","LaPorte",0,117459
"2801","LaPorte",1,55476
"942","Laramie",0,124032
"2802","Laramie",1,40954
"943","Larimer",0,102686
"2803","Larimer",1,74914
"944","Larue",0,88848
"2804","Larue",1,44141
"945","Las Animas",0,115416
"2805","Las Animas",1,39874
"946","LaSalle",0,243046
"2806","LaSalle",1,116430
"947","Lassen",0,79384
"2807","Lassen",1,49875
"948","Latah",0,117202
"2808","Latah",1,57219
"949","Latimer",0,32745
"2809","Latimer",1,61895
"950","Lauderdale",0,396550
"2810","Lauderdale",1,133596
"951","Laurel",0,143371
"2811","Laurel",1,88229
"952","Laurens",0,152741
"2812","Laurens",1,43208
"953","Lavaca",0,110866
"2813","Lavaca",1,50177
"954","Lawrence",0,950016
"2814","Lawrence",1,498151
"955","Le Flore",0,78019
"2815","Le Flore",1,76438
"956","Le Sueur",0,147062
"2816","Le Sueur",1,46316
"957","Lea",0,89179
"2817","Lea",1,73825
"958","Leake",0,61262
"2818","Leake",1,50333
"959","Leavenworth",0,99491
"2819","Leavenworth",1,28551
"960","Lebanon",0,117533
"2820","Lebanon",1,70445
"961","Lee",0,1239055
"2821","Lee",1,692701
"962","Leelanau",0,113791
"2822","Leelanau",1,51669
"963","Leflore",0,118701
"2823","Leflore",1,105470
"964","Lehigh",0,137632
"2824","Lehigh",1,13279
"965","Lemhi",0,84063
"2825","Lemhi",1,74440
"966","Lenawee",0,115326
"2826","Lenawee",1,84320
"967","Lenoir",0,120972
"2827","Lenoir",1,82491
"968","Leon",0,253658
"2828","Leon",1,131728
"969","Leslie",0,67813
"2829","Leslie",1,17
"970","Letcher",0,75669
"2830","Letcher",1,25056
"971","Levy",0,122299
"2831","Levy",1,73449
"972","Lewis",0,547489
"2832","Lewis",1,313135
"973","Lewis and Clark",0,127717
"2833","Lewis and Clark",1,71711
"974","Lexington",0,110692
"2834","Lexington",1,53497
"975","Liberty",0,291687
"2835","Liberty",1,120849
"976","Licking",0,160503
"2836","Licking",1,96945
"977","Limestone",0,225018
"2837","Limestone",1,154642
"978","Lincoln",0,2208464
"2838","Lincoln",1,1074104
"979","Linn",0,396910
"2839","Linn",1,186718
"980","Lipscomb",0,38889
"2840","Lipscomb",1,33575
"981","Litchfield",0,139270
"2841","Litchfield",1,16026
"982","Little River",0,66602
"2842","Little River",1,47326
"983","Live Oak",0,89644
"2843","Live Oak",1,67912
"984","Livingston",0,749382
"2844","Livingston",1,313091
"985","Llano",0,162717
"2845","Llano",1,53650
"986","Logan",0,1014864
"2846","Logan",1,450517
"987","Long",0,26474
"2847","Long",1,40285
"988","Lonoke",0,108453
"2848","Lonoke",1,59830
"989","Lorain",0,119388
"2849","Lorain",1,59652
"990","Los Alamos",0,89323
"2850","Los Alamos",1,26778
"991","Los Angeles",0,153994
"2851","Los Angeles",1,76083
"992","Loudon",0,128333
"2852","Loudon",1,48462
"993","Loudoun",0,117156
"2853","Loudoun",1,49473
"994","Louisa",0,221613
"2854","Louisa",1,40374
"995","Loup",0,52376
"2855","Loup",1,53315
"996","Love",0,75583
"2856","Love",1,19165
"997","Loving",0,22992
"2857","Loving",1,18
"998","Lowndes",0,324984
"2858","Lowndes",1,132049
"999","Lubbock",0,124668
"2859","Lubbock",1,100696
"1000","Lucas",0,168306
"2860","Lucas",1,81110
"1001","Luce",0,55836
"2861","Luce",1,40814
"1002","Lumpkin",0,98802
"2862","Lumpkin",1,49131
"1003","Luna",0,38915
"2863","Luna",1,89715
"1004","Lunenburg",0,36345
"2864","Lunenburg",1,49828
"1005","Luzerne",0,131254
"2865","Luzerne",1,66500
"1006","Lycoming",0,156218
"2866","Lycoming",1,63242
"1007","Lyman",0,29140
"2867","Lyman",1,47577
"1008","Lynn",0,35557
"2868","Lynn",1,50768
"1009","Lyon",0,568754
"2869","Lyon",1,218845
"1010","Mackinac",0,55449
"2870","Mackinac",1,26849
"1011","Macomb",0,142066
"2871","Macomb",1,71029
"1012","Macon",0,528186
"2872","Macon",1,238302
"1013","Macoupin",0,106619
"2873","Macoupin",1,60445
"1014","Madera",0,139476
"2874","Madera",1,38483
"1015","Madison",0,1941594
"2875","Madison",1,938038
"1016","Magoffin",0,68278
"2876","Magoffin",1,22263
"1017","Mahaska",0,133106
"2877","Mahaska",1,35710
"1018","Mahnomen",0,13330
"2878","Mahnomen",1,28081
"1019","Mahoning",0,112948
"2879","Mahoning",1,85541
"1020","Major",0,47143
"2880","Major",1,46885
"1021","Malheur",0,82354
"2881","Malheur",1,65366
"1022","Manatee",0,90009
"2882","Manatee",1,65814
"1023","Manistee",0,114937
"2883","Manistee",1,44205
"1024","Manitowoc",0,118332
"2884","Manitowoc",1,63560
"1025","Marathon",0,146335
"2885","Marathon",1,53501
"1026","Marengo",0,119903
"2886","Marengo",1,51853
"1027","Maricopa",0,113119
"2887","Maricopa",1,77359
"1028","Maries",0,63721
"2888","Maries",1,45922
"1029","Marin",0,95672
"2889","Marin",1,30612
"1030","Marinette",0,112768
"2890","Marinette",1,39571
"1031","Marion",0,1711300
"2891","Marion",1,878593
"1032","Mariposa",0,97900
"2892","Mariposa",1,43454
"1033","Marlboro",0,40847
"2893","Marlboro",1,29966
"1034","Marquette",0,221114
"2894","Marquette",1,75735
"1035","Marshall",0,1137646
"2895","Marshall",1,393065
"1036","Martin",0,576735
"2896","Martin",1,370205
"1037","Mason",0,517134
"2897","Mason",1,240712
"1038","Massac",0,111431
"2898","Massac",1,26775
"1039","Matagorda",0,67599
"2899","Matagorda",1,56967
"1040","Matanuska-Susitna Borough",0,126021
"2900","Matanuska-Susitna Borough",1,87202
"1041","Mathews",0,74471
"2901","Mathews",1,45074
"1042","Maui + Kalawao,",0,158186
"2902","Maui + Kalawao,",1,59755
"1043","Maury",0,149272
"2903","Maury",1,29822
"1044","Maverick",0,113538
"2904","Maverick",1,41080
"1045","Mayes",0,55682
"2905","Mayes",1,51301
"1046","McClain",0,114239
"2906","McClain",1,31825
"1047","McCone",0,82154
"2907","McCone",1,52947
"1048","McCook",0,94256
"2908","McCook",1,8939
"1049","McCormick",0,74553
"2909","McCormick",1,20160
"1050","McCracken",0,151131
"2910","McCracken",1,26799
"1051","McCreary",0,121578
"2911","McCreary",1,7932
"1052","McCulloch",0,60465
"2912","McCulloch",1,54970
"1053","McCurtain",0,42940
"2913","McCurtain",1,67660
"1054","McDonald",0,61579
"2914","McDonald",1,50100
"1055","McDonough",0,87748
"2915","McDonough",1,30175
"1056","McDowell",0,167192
"2916","McDowell",1,67750
"1057","McDuffie",0,106922
"2917","McDuffie",1,67356
"1058","McHenry",0,196520
"2918","McHenry",1,86191
"1059","McIntosh",0,211576
"2919","McIntosh",1,124229
"1060","McKean",0,122884
"2920","McKean",1,72297
"1061","McKenzie",0,121340
"2921","McKenzie",1,64442
"1062","McKinley",0,140728
"2922","McKinley",1,45376
"1063","McLean",0,203284
"2923","McLean",1,100403
"1064","McLennan",0,133300
"2924","McLennan",1,81048
"1065","McLeod",0,118596
"2925","McLeod",1,32350
"1066","McMinn",0,99867
"2926","McMinn",1,69478
"1067","McMullen",0,83051
"2927","McMullen",1,33074
"1068","McNairy",0,110890
"2928","McNairy",1,43492
"1069","McPherson",0,271208
"2929","McPherson",1,145729
"1070","Meade",0,312931
"2930","Meade",1,115226
"1071","Meagher",0,108219
"2931","Meagher",1,14
"1072","Mecklenburg",0,291408
"2932","Mecklenburg",1,164917
"1073","Mecosta",0,87612
"2933","Mecosta",1,100528
"1074","Medina",0,263850
"2934","Medina",1,157698
"1075","Meeker",0,94354
"2935","Meeker",1,38843
"1076","Meigs",0,114583
"2936","Meigs",1,61248
"1077","Mellette",0,32408
"2937","Mellette",1,24017
"1078","Menard",0,128521
"2938","Menard",1,61182
"1079","Mendocino",0,121220
"2939","Mendocino",1,47196
"1080","Menifee",0,58994
"2940","Menifee",1,17316
"1081","Menominee",0,147547
"2941","Menominee",1,66272
"1082","Merced",0,124622
"2942","Merced",1,30062
"1083","Mercer",0,690330
"2943","Mercer",1,421453
"1084","Meriwether",0,70234
"2944","Meriwether",1,46551
"1085","Merrick",0,90666
"2945","Merrick",1,39177
"1086","Merrimack",0,136992
"2946","Merrimack",1,90330
"1087","Mesa",0,146602
"2947","Mesa",1,82584
"1088","Metcalfe",0,108452
"2948","Metcalfe",1,34836
"1089","Miami",0,389614
"2949","Miami",1,189084
"1090","Miami-Dade",0,68782
"2950","Miami-Dade",1,85685
"1091","Middlesex",0,549654
"2951","Middlesex",1,259446
"1092","Midland",0,256849
"2952","Midland",1,151473
"1093","Mifflin",0,113771
"2953","Mifflin",1,39058
"1094","Milam",0,109560
"2954","Milam",1,46017
"1095","Millard",0,57575
"2955","Millard",1,31476
"1096","Mille Lacs",0,70432
"2956","Mille Lacs",1,69086
"1097","Miller",0,198036
"2957","Miller",1,106333
"1098","Mills",0,172235
"2958","Mills",1,53917
"1099","Milwaukee",0,122716
"2959","Milwaukee",1,52076
"1100","Miner",0,66395
"2960","Miner",1,29119
"1101","Mineral",0,244815
"2961","Mineral",1,183513
"1102","Mingo",0,59302
"2962","Mingo",1,84222
"1103","Minidoka",0,108279
"2963","Minidoka",1,66326
"1104","Minnehaha",0,131600
"2964","Minnehaha",1,64173
"1105","Missaukee",0,74410
"2965","Missaukee",1,60856
"1106","Mississippi",0,115333
"2966","Mississippi",1,81698
"1107","Missoula",0,119333
"2967","Missoula",1,45333
"1108","Mitchell",0,458326
"2968","Mitchell",1,213434
"1109","Mobile",0,72909
"2969","Mobile",1,110482
"1110","Modoc",0,49215
"2970","Modoc",1,62288
"1111","Moffat",0,92665
"2971","Moffat",1,42919
"1112","Mohave",0,137212
"2972","Mohave",1,60917
"1113","Moniteau",0,79251
"2973","Moniteau",1,43165
"1114","Monmouth",0,122502
"2974","Monmouth",1,41617
"1115","Mono",0,108615
"2975","Mono",1,50888
"1116","Monona",0,98546
"2976","Monona",1,8807
"1117","Monongalia",0,129757
"2977","Monongalia",1,57683
"1118","Monroe",0,1741734
"2978","Monroe",1,925522
"1119","Montague",0,92129
"2979","Montague",1,74272
"1120","Montcalm",0,108023
"2980","Montcalm",1,71518
"1121","Monterey",0,101083
"2981","Monterey",1,121755
"1122","Montezuma",0,129532
"2982","Montezuma",1,95110
"1123","Montgomery",0,1711897
"2983","Montgomery",1,968720
"1124","Montgomery + Radford,",0,68361
"2984","Montgomery + Radford,",1,72277
"1125","Montmorency",0,114935
"2985","Montmorency",1,22220
"1126","Montour",0,98191
"2986","Montour",1,40993
"1127","Montrose",0,98677
"2987","Montrose",1,73505
"1128","Moody",0,76034
"2988","Moody",1,28490
"1129","Moore",0,320918
"2989","Moore",1,139227
"1130","Mora",0,31326
"2990","Mora",1,14778
"1131","Morehouse",0,100681
"2991","Morehouse",1,68462
"1132","Morgan",0,1019061
"2992","Morgan",1,635704
"1133","Morrill",0,74836
"2993","Morrill",1,41674
"1134","Morris",0,238133
"2994","Morris",1,110837
"1135","Morrison",0,100596
"2995","Morrison",1,40736
"1136","Morrow",0,149892
"2996","Morrow",1,51649
"1137","Morton",0,130721
"2997","Morton",1,116439
"1138","Motley",0,74482
"2998","Motley",1,6463
"1139","Moultrie",0,93379
"2999","Moultrie",1,43086
"1140","Mountrail",0,103662
"3000","Mountrail",1,56419
"1141","Mower",0,79506
"3001","Mower",1,47405
"1142","Muhlenberg",0,109888
"3002","Muhlenberg",1,67700
"1143","Multnomah",0,134894
"3003","Multnomah",1,83488
"1144","Murray",0,231264
"3004","Murray",1,148414
"1145","Muscatine",0,98357
"3005","Muscatine",1,43122
"1146","Muscogee",0,95546
"3006","Muscogee",1,83655
"1147","Muskegon",0,99907
"3007","Muskegon",1,29196
"1148","Muskingum",0,137612
"3008","Muskingum",1,60241
"1149","Muskogee",0,121340
"3009","Muskogee",1,45068
"1150","Musselshell",0,73059
"3010","Musselshell",1,58274
"1151","Nacogdoches",0,84373
"3011","Nacogdoches",1,84065
"1152","Nance",0,58905
"3012","Nance",1,39609
"1153","Nantucket",0,74306
"3013","Nantucket",1,16088
"1154","Napa",0,166723
"3014","Napa",1,45345
"1155","Nash",0,138440
"3015","Nash",1,38306
"1156","Nassau",0,254479
"3016","Nassau",1,94305
"1157","Natchitoches",0,91800
"3017","Natchitoches",1,86551
"1158","Natrona",0,112630
"3018","Natrona",1,50810
"1159","Navajo",0,128932
"3019","Navajo",1,72303
"1160","Navarro",0,109300
"3020","Navarro",1,64509
"1161","Nelson",0,266386
"3021","Nelson",1,129685
"1162","Nemaha",0,162216
"3022","Nemaha",1,64030
"1163","Neosho",0,58578
"3023","Neosho",1,34243
"1164","Neshoba",0,93267
"3024","Neshoba",1,30750
"1165","Ness",0,23636
"3025","Ness",1,52800
"1166","Nevada",0,270601
"3026","Nevada",1,83969
"1167","New Castle",0,153211
"3027","New Castle",1,36198
"1168","New Hanover",0,127503
"3028","New Hanover",1,55745
"1169","New Haven",0,137894
"3029","New Haven",1,63923
"1170","New Kent",0,117101
"3030","New Kent",1,43756
"1171","New London",0,132277
"3031","New London",1,71493
"1172","New Madrid",0,18493
"3032","New Madrid",1,44608
"1173","New York",0,97765
"3033","New York",1,60948
"1174","Newaygo",0,106916
"3034","Newaygo",1,25145
"1175","Newberry",0,109690
"3035","Newberry",1,28900
"1176","Newport",0,146726
"3036","Newport",1,38748
"1177","Newport News (Independent City)",0,123651
"3037","Newport News (Independent City)",1,44915
"1178","Newton",0,552939
"3038","Newton",1,301806
"1179","Nez Perce",0,129760
"3039","Nez Perce",1,70170
"1180","Niagara",0,130368
"3040","Niagara",1,59418
"1181","Nicholas",0,123700
"3041","Nicholas",1,82113
"1182","Nicollet",0,104966
"3042","Nicollet",1,46865
"1183","Niobrara",0,70392
"3043","Niobrara",1,22787
"1184","Noble",0,183703
"3044","Noble",1,155588
"1185","Nobles",0,105018
"3045","Nobles",1,53944
"1186","Nodaway",0,138202
"3046","Nodaway",1,33555
"1187","Nolan",0,121076
"3047","Nolan",1,104615
"1188","Nome Census Area,",0,85913
"3048","Nome Census Area,",1,58236
"1189","Norfolk",0,110770
"3049","Norfolk",1,68318
"1190","Norfolk (Independent City)",0,111456
"3050","Norfolk (Independent City)",1,36043
"1191","Norman",0,98646
"3051","Norman",1,26724
"1192","North Slope Borough",0,60722
"3052","North Slope Borough",1,45905
"1193","Northampton",0,271274
"3053","Northampton",1,173254
"1194","Northumberland",0,147101
"3054","Northumberland",1,127050
"1195","Northwest Arctic Borough",0,28583
"3055","Northwest Arctic Borough",1,43724
"1196","Norton",0,102747
"3056","Norton",1,34589
"1197","Nottoway",0,62572
"3057","Nottoway",1,27485
"1198","Nowata",0,45102
"3058","Nowata",1,44452
"1199","Noxubee",0,105124
"3059","Noxubee",1,38861
"1200","Nuckolls",0,82864
"3060","Nuckolls",1,35580
"1201","Nueces",0,102249
"3061","Nueces",1,115351
"1202","Nye",0,121163
"3062","Nye",1,56740
"1203","O'Brien",0,143508
"3063","O'Brien",1,68938
"1204","Oakland",0,140301
"3064","Oakland",1,72596
"1205","Obion",0,136601
"3065","Obion",1,84276
"1206","Ocean",0,99903
"3066","Ocean",1,80234
"1207","Oceana",0,149237
"3067","Oceana",1,57098
"1208","Ochiltree",0,60977
"3068","Ochiltree",1,54717
"1209","Oconee",0,206629
"3069","Oconee",1,66114
"1210","Oconto",0,115747
"3070","Oconto",1,25453
"1211","Ogemaw",0,92030
"3071","Ogemaw",1,63556
"1212","Oglala Lakota,",0,52429
"3072","Oglala Lakota,",1,22029
"1213","Ogle",0,70702
"3073","Ogle",1,17124
"1214","Oglethorpe",0,73599
"3074","Oglethorpe",1,44911
"1215","Ohio",0,280356
"3075","Ohio",1,74985
"1216","Okaloosa",0,109690
"3076","Okaloosa",1,71039
"1217","Okanogan",0,92105
"3077","Okanogan",1,62594
"1218","Okeechobee",0,97460
"3078","Okeechobee",1,72093
"1219","Okfuskee",0,53205
"3079","Okfuskee",1,42957
"1220","Oklahoma",0,128126
"3080","Oklahoma",1,66294
"1221","Okmulgee",0,74303
"3081","Okmulgee",1,65176
"1222","Oktibbeha",0,95604
"3082","Oktibbeha",1,61783
"1223","Oldham",0,203000
"3083","Oldham",1,42958
"1224","Oliver",0,40401
"3084","Oliver",1,30356
"1225","Olmsted",0,131090
"3085","Olmsted",1,62222
"1226","Oneida",0,373714
"3086","Oneida",1,155634
"1227","Onondaga",0,102273
"3087","Onondaga",1,31848
"1228","Onslow",0,118787
"3088","Onslow",1,47359
"1229","Ontario",0,112304
"3089","Ontario",1,75958
"1230","Ontonagon",0,56911
"3090","Ontonagon",1,38034
"1231","Orange",0,904356
"3091","Orange",1,544175
"1232","Orangeburg",0,91408
"3092","Orangeburg",1,25951
"1233","Oregon",0,103405
"3093","Oregon",1,26212
"1234","Orleans",0,313496
"3094","Orleans",1,192118
"1235","Osage",0,244754
"3095","Osage",1,106120
"1236","Osborne",0,80437
"3096","Osborne",1,9743
"1237","Osceola",0,272338
"3097","Osceola",1,149473
"1238","Oscoda",0,137174
"3098","Oscoda",1,63659
"1239","Oswego",0,100822
"3099","Oswego",1,93724
"1240","Otero",0,238246
"3100","Otero",1,117326
"1241","Otoe",0,109264
"3101","Otoe",1,33350
"1242","Otsego",0,204347
"3102","Otsego",1,106785
"1243","Ottawa",0,342878
"3103","Ottawa",1,240461
"1244","Otter Tail",0,112897
"3104","Otter Tail",1,70532
"1245","Ouachita",0,211763
"3105","Ouachita",1,176886
"1246","Ouray",0,111251
"3106","Ouray",1,21900
"1247","Outagamie",0,138606
"3107","Outagamie",1,22737
"1248","Outer Ketchikan Division,",0,36
"3108","Outer Ketchikan Division,",1,21
"1249","Overton",0,121732
"3109","Overton",1,27338
"1250","Owen",0,99880
"3110","Owen",1,58384
"1251","Owsley",0,46831
"3111","Owsley",1,45256
"1252","Owyhee",0,39265
"3112","Owyhee",1,38354
"1253","Oxford",0,140703
"3113","Oxford",1,91789
"1254","Ozark",0,52993
"3114","Ozark",1,43002
"1255","Ozaukee",0,148512
"3115","Ozaukee",1,34371
"1256","Pacific",0,94025
"3116","Pacific",1,74435
"1257","Page",0,272333
"3117","Page",1,96385
"1258","Palm Beach",0,157709
"3118","Palm Beach",1,76759
"1259","Palo Alto",0,129996
"3119","Palo Alto",1,63997
"1260","Palo Pinto",0,90309
"3120","Palo Pinto",1,29971
"1261","Pamlico",0,64286
"3121","Pamlico",1,33471
"1262","Panola",0,195242
"3122","Panola",1,117757
"1263","Park",0,397024
"3123","Park",1,181567
"1264","Parke",0,91468
"3124","Parke",1,31881
"1265","Parker",0,154178
"3125","Parker",1,70851
"1266","Parmer",0,69347
"3126","Parmer",1,57392
"1267","Pasco",0,79920
"3127","Pasco",1,76663
"1268","Pasquotank",0,109804
"3128","Pasquotank",1,33829
"1269","Passaic",0,99949
"3129","Passaic",1,15422
"1270","Patrick",0,60730
"3130","Patrick",1,33708
"1271","Paulding",0,235777
"3131","Paulding",1,97500
"1272","Pawnee",0,191212
"3132","Pawnee",1,166087
"1273","Payette",0,133433
"3133","Payette",1,67262
"1274","Payne",0,109782
"3134","Payne",1,42248
"1275","Peach",0,52706
"3135","Peach",1,52099
"1276","Pearl River",0,92646
"3136","Pearl River",1,73940
"1277","Pecos",0,107983
"3137","Pecos",1,68632
"1278","Pembina",0,61593
"3138","Pembina",1,51218
"1279","Pemiscot",0,34606
"3139","Pemiscot",1,39090
"1280","Pend Oreille",0,120581
"3140","Pend Oreille",1,57422
"1281","Pender",0,80033
"3141","Pender",1,47852
"1282","Pendleton",0,108447
"3142","Pendleton",1,37316
"1283","Pennington",0,204598
"3143","Pennington",1,139011
"1284","Penobscot",0,96781
"3144","Penobscot",1,56634
"1285","Peoria",0,152121
"3145","Peoria",1,58388
"1286","Pepin",0,62534
"3146","Pepin",1,41002
"1287","Perkins",0,77950
"3147","Perkins",1,34635
"1288","Perquimans",0,60475
"3148","Perquimans",1,43085
"1289","Perry",0,836849
"3149","Perry",1,487646
"1290","Pershing",0,65551
"3150","Pershing",1,18515
"1291","Person",0,132884
"3151","Person",1,43495
"1292","Petersburg Borough,",0,87058
"3152","Petersburg Borough,",1,27595
"1293","Petroleum",0,32747
"3153","Petroleum",1,21231
"1294","Pettis",0,113885
"3154","Pettis",1,52962
"1295","Phelps",0,220084
"3155","Phelps",1,100002
"1296","Philadelphia",0,145346
"3156","Philadelphia",1,45782
"1297","Phillips",0,307170
"3157","Phillips",1,174356
"1298","Piatt",0,85642
"3158","Piatt",1,40144
"1299","Pickaway",0,96758
"3159","Pickaway",1,33051
"1300","Pickens",0,351213
"3160","Pickens",1,108143
"1301","Pickett",0,78955
"3161","Pickett",1,35180
"1302","Pierce",0,481714
"3162","Pierce",1,244268
"1303","Pike",0,957991
"3163","Pike",1,499338
"1304","Pima",0,145610
"3164","Pima",1,80182
"1305","Pinal",0,131088
"3165","Pinal",1,79626
"1306","Pine",0,75241
"3166","Pine",1,63131
"1307","Pinellas",0,149573
"3167","Pinellas",1,87944
"1308","Pipestone",0,84531
"3168","Pipestone",1,62361
"1309","Piscataquis",0,70694
"3169","Piscataquis",1,46066
"1310","Pitkin",0,103278
"3170","Pitkin",1,22716
"1311","Pitt",0,138677
"3171","Pitt",1,62539
"1312","Pittsburg",0,84595
"3172","Pittsburg",1,61932
"1313","Pittsylvania + Danville,",0,119295
"3173","Pittsylvania + Danville,",1,31511
"1314","Piute",0,81760
"3174","Piute",1,26594
"1315","Placer",0,99158
"3175","Placer",1,109098
"1316","Plaquemines",0,155906
"3176","Plaquemines",1,85513
"1317","Platte",0,391188
"3177","Platte",1,120909
"1318","Pleasants",0,67904
"3178","Pleasants",1,22531
"1319","Plumas",0,162272
"3179","Plumas",1,69827
"1320","Plymouth",0,205641
"3180","Plymouth",1,110690
"1321","Pocahontas",0,132003
"3181","Pocahontas",1,68464
"1322","Poinsett",0,132908
"3182","Poinsett",1,64424
"1323","Pointe Coupee",0,85435
"3183","Pointe Coupee",1,52638
"1324","Polk",0,1181350
"3184","Polk",1,669306
"1325","Pondera",0,128038
"3185","Pondera",1,71108
"1326","Pontotoc",0,193889
"3186","Pontotoc",1,160372
"1327","Pope",0,239364
"3187","Pope",1,99990
"1328","Portage",0,272517
"3188","Portage",1,89848
"1329","Porter",0,170268
"3189","Porter",1,44053
"1330","Portsmouth (Independent City)",0,155868
"3190","Portsmouth (Independent City)",1,29166
"1331","Posey",0,87706
"3191","Posey",1,59591
"1332","Pottawatomie",0,210941
"3192","Pottawatomie",1,74757
"1333","Pottawattamie",0,136275
"3193","Pottawattamie",1,46757
"1334","Potter",0,328576
"3194","Potter",1,210920
"1335","Powder River",0,80210
"3195","Powder River",1,6462
"1336","Powell",0,158488
"3196","Powell",1,32798
"1337","Power",0,88163
"3197","Power",1,20425
"1338","Poweshiek",0,110783
"3198","Poweshiek",1,66249
"1339","Powhatan",0,126672
"3199","Powhatan",1,26598
"1340","Prairie",0,94301
"3200","Prairie",1,58638
"1341","Pratt",0,125376
"3201","Pratt",1,46136
"1342","Preble",0,112024
"3202","Preble",1,29786
"1343","Prentiss",0,86806
"3203","Prentiss",1,95402
"1344","Presidio",0,60986
"3204","Presidio",1,27450
"1345","Presque Isle",0,59846
"3205","Presque Isle",1,39772
"1346","Preston",0,103799
"3206","Preston",1,56148
"1347","Price",0,139290
"3207","Price",1,20971
"1348","Prince Edward",0,115276
"3208","Prince Edward",1,25090
"1349","Prince George + Hopewell,",0,69731
"3209","Prince George + Hopewell,",1,39148
"1350","Prince George's",0,103328
"3210","Prince George's",1,47965
"1351","Prince of Wales Division,",0,36
"3211","Prince of Wales Division,",1,21
"1352","Prince of Wales-Hyder Census Area,",0,44887
"3212","Prince of Wales-Hyder Census Area,",1,11695
"1353","Prince of Wales-Outer Ketchikan Census Area,",0,36
"3213","Prince of Wales-Outer Ketchikan Census Area,",1,21
"1354","Prince William, Manassas + Manassas Park,",0,66728
"3214","Prince William, Manassas + Manassas Park,",1,30927
"1355","Providence",0,116253
"3215","Providence",1,37062
"1356","Prowers",0,118559
"3216","Prowers",1,74315
"1357","Pueblo",0,150236
"3217","Pueblo",1,54817
"1358","Pulaski",0,565481
"3218","Pulaski",1,238374
"1359","Pushmataha",0,103395
"3219","Pushmataha",1,37532
"1360","Putnam",0,935284
"3220","Putnam",1,413938
"1361","Quay",0,63172
"3221","Quay",1,35902
"1362","Queen Anne's",0,106837
"3222","Queen Anne's",1,10403
"1363","Queens",0,149640
"3223","Queens",1,50105
"1364","Quitman",0,193360
"3224","Quitman",1,45456
"1365","Rabun",0,74753
"3225","Rabun",1,49489
"1366","Racine",0,131349
"3226","Racine",1,39623
"1367","Rains",0,62414
"3227","Rains",1,20333
"1368","Raleigh",0,145272
"3228","Raleigh",1,77468
"1369","Ralls",0,31557
"3229","Ralls",1,15572
"1370","Ramsey",0,192604
"3230","Ramsey",1,86005
"1371","Randall",0,155748
"3231","Randall",1,45059
"1372","Randolph",0,870709
"3232","Randolph",1,356261
"1373","Rankin",0,156694
"3233","Rankin",1,64688
"1374","Ransom",0,54516
"3234","Ransom",1,20356
"1375","Rapides",0,150313
"3235","Rapides",1,72264
"1376","Rappahannock",0,64540
"3236","Rappahannock",1,44151
"1377","Ravalli",0,91287
"3237","Ravalli",1,55372
"1378","Rawlins",0,78706
"3238","Rawlins",1,30340
"1379","Ray",0,104460
"3239","Ray",1,40909
"1380","Reagan",0,108247
"3240","Reagan",1,20900
"1381","Real",0,29472
"3241","Real",1,20097
"1382","Red Lake",0,4343
"3242","Red Lake",1,11922
"1383","Red River",0,112441
"3243","Red River",1,103249
"1384","Red Willow",0,150640
"3244","Red Willow",1,44436
"1385","Redwood",0,107499
"3245","Redwood",1,53139
"1386","Reeves",0,103444
"3246","Reeves",1,75127
"1387","Refugio",0,57283
"3247","Refugio",1,18405
"1388","Reno",0,116434
"3248","Reno",1,46073
"1389","Rensselaer",0,136334
"3249","Rensselaer",1,68564
"1390","Renville",0,178267
"3250","Renville",1,82871
"1391","Republic",0,80389
"3251","Republic",1,45997
"1392","Reynolds",0,38657
"3252","Reynolds",1,32417
"1393","Rhea",0,79802
"3253","Rhea",1,35233
"1394","Rice",0,159748
"3254","Rice",1,90413
"1395","Rich",0,41138
"3255","Rich",1,8437
"1396","Richardson",0,82853
"3256","Richardson",1,22636
"1397","Richland",0,830622
"3257","Richland",1,381898
"1398","Richmond",0,437677
"3258","Richmond",1,201170
"1399","Richmond (Independent City)",0,118091
"3259","Richmond (Independent City)",1,101920
"1400","Riley",0,127513
"3260","Riley",1,42196
"1401","Ringgold",0,79914
"3261","Ringgold",1,26680
"1402","Rio Arriba",0,83321
"3262","Rio Arriba",1,71585
"1403","Rio Blanco",0,117762
"3263","Rio Blanco",1,44272
"1404","Rio Grande",0,96626
"3264","Rio Grande",1,52991
"1405","Ripley",0,197897
"3265","Ripley",1,117135
"1406","Ritchie",0,80475
"3266","Ritchie",1,53676
"1407","Riverside",0,145312
"3267","Riverside",1,91341
"1408","Roane",0,185719
"3268","Roane",1,61044
"1409","Roanoke (Independent City)",0,156498
"3269","Roanoke (Independent City)",1,31425
"1410","Roanoke + Salem,",0,127732
"3270","Roanoke + Salem,",1,46360
"1411","Roberts",0,114547
"3271","Roberts",1,42464
"1412","Robertson",0,253978
"3272","Robertson",1,110040
"1413","Robeson",0,149310
"3273","Robeson",1,59499
"1414","Rock",0,291745
"3274","Rock",1,90675
"1415","Rock Island",0,167546
"3275","Rock Island",1,69050
"1416","Rockbridge, Buena Vista + Lexington,",0,92037
"3276","Rockbridge, Buena Vista + Lexington,",1,6025
"1417","Rockcastle",0,50552
"3277","Rockcastle",1,17513
"1418","Rockdale",0,144630
"3278","Rockdale",1,35667
"1419","Rockingham",0,214813
"3279","Rockingham",1,127675
"1420","Rockingham + Harrisonburg,",0,135791
"3280","Rockingham + Harrisonburg,",1,31369
"1421","Rockland",0,102010
"3281","Rockland",1,74419
"1422","Rockwall",0,150835
"3282","Rockwall",1,67426
"1423","Roger Mills",0,13001
"3283","Roger Mills",1,32438
"1424","Rogers",0,93794
"3284","Rogers",1,54888
"1425","Rolette",0,55503
"3285","Rolette",1,13160
"1426","Rooks",0,102458
"3286","Rooks",1,27027
"1427","Roosevelt",0,182642
"3287","Roosevelt",1,140421
"1428","Roscommon",0,96274
"3288","Roscommon",1,84919
"1429","Roseau",0,93166
"3289","Roseau",1,41479
"1430","Rosebud",0,75266
"3290","Rosebud",1,51719
"1431","Ross",0,132190
"3291","Ross",1,64555
"1432","Routt",0,61398
"3292","Routt",1,65429
"1433","Rowan",0,211207
"3293","Rowan",1,92402
"1434","Runnels",0,75776
"3294","Runnels",1,68243
"1435","Rush",0,179010
"3295","Rush",1,105774
"1436","Rusk",0,197800
"3296","Rusk",1,95370
"1437","Russell",0,347957
"3297","Russell",1,204119
"1438","Rutherford",0,244598
"3298","Rutherford",1,74857
"1439","Rutland",0,142180
"3299","Rutland",1,72373
"1440","Sabine",0,105366
"3300","Sabine",1,155103
"1441","Sac",0,84565
"3301","Sac",1,34015
"1442","Sacramento",0,122462
"3302","Sacramento",1,75962
"1443","Sagadahoc",0,121483
"3303","Sagadahoc",1,31092
"1444","Saginaw",0,128196
"3304","Saginaw",1,35929
"1445","Saguache",0,60076
"3305","Saguache",1,27205
"1446","Salem",0,96174
"3306","Salem",1,33475
"1447","Saline",0,508146
"3307","Saline",1,259975
"1448","Salt Lake",0,165018
"3308","Salt Lake",1,89163
"1449","Saluda",0,56157
"3309","Saluda",1,18805
"1450","Sampson",0,83853
"3310","Sampson",1,65281
"1451","San Augustine",0,46485
"3311","San Augustine",1,14016
"1452","San Benito",0,66703
"3312","San Benito",1,55356
"1453","San Bernardino",0,139393
"3313","San Bernardino",1,65170
"1454","San Diego",0,102566
"3314","San Diego",1,74593
"1455","San Francisco",0,166351
"3315","San Francisco",1,73983
"1456","San Jacinto",0,114840
"3316","San Jacinto",1,69155
"1457","San Joaquin",0,93859
"3317","San Joaquin",1,62640
"1458","San Juan",0,299269
"3318","San Juan",1,196260
"1459","San Luis Obispo",0,127507
"3319","San Luis Obispo",1,81719
"1460","San Mateo",0,142104
"3320","San Mateo",1,88185
"1461","San Miguel",0,214158
"3321","San Miguel",1,148234
"1462","San Patricio",0,108024
"3322","San Patricio",1,81229
"1463","San Saba",0,79123
"3323","San Saba",1,15303
"1464","Sanborn",0,75866
"3324","Sanborn",1,29916
"1465","Sanders",0,104407
"3325","Sanders",1,74354
"1466","Sandoval",0,123126
"3326","Sandoval",1,67955
"1467","Sandusky",0,95280
"3327","Sandusky",1,59435
"1468","Sangamon",0,134437
"3328","Sangamon",1,59020
"1469","Sanilac",0,104068
"3329","Sanilac",1,37937
"1470","Sanpete",0,150638
"3330","Sanpete",1,64486
"1471","Santa Barbara",0,125992
"3331","Santa Barbara",1,58341
"1472","Santa Clara",0,152954
"3332","Santa Clara",1,63519
"1473","Santa Cruz",0,186762
"3333","Santa Cruz",1,148081
"1474","Santa Fe",0,117064
"3334","Santa Fe",1,31094
"1475","Santa Rosa",0,181029
"3335","Santa Rosa",1,59461
"1476","Sarasota",0,111571
"3336","Sarasota",1,105813
"1477","Saratoga",0,129510
"3337","Saratoga",1,95027
"1478","Sargent",0,93183
"3338","Sargent",1,2332
"1479","Sarpy",0,133269
"3339","Sarpy",1,33617
"1480","Sauk",0,103033
"3340","Sauk",1,30844
"1481","Saunders",0,113152
"3341","Saunders",1,45845
"1482","Sawyer",0,100654
"3342","Sawyer",1,63700
"1483","Schenectady",0,120427
"3343","Schenectady",1,42471
"1484","Schleicher",0,66671
"3344","Schleicher",1,10073
"1485","Schley",0,39488
"3345","Schley",1,41343
"1486","Schoharie",0,98413
"3346","Schoharie",1,40218
"1487","Schoolcraft",0,75896
"3347","Schoolcraft",1,41550
"1488","Schuyler",0,255607
"3348","Schuyler",1,99981
"1489","Schuylkill",0,145894
"3349","Schuylkill",1,65992
"1490","Scioto",0,149619
"3350","Scioto",1,22764
"1491","Scotland",0,115790
"3351","Scotland",1,69867
"1492","Scott",0,909682
"3352","Scott",1,475109
"1493","Scotts Bluff",0,97008
"3353","Scotts Bluff",1,42395
"1494","Screven",0,62783
"3354","Screven",1,71834
"1495","Scurry",0,160770
"3355","Scurry",1,74631
"1496","Searcy",0,84901
"3356","Searcy",1,53791
"1497","Sebastian",0,147110
"3357","Sebastian",1,51919
"1498","Sedgwick",0,191836
"3358","Sedgwick",1,110661
"1499","Seminole",0,306260
"3359","Seminole",1,204931
"1500","Seneca",0,183978
"3360","Seneca",1,83167
"1501","Sequatchie",0,40287
"3361","Sequatchie",1,30930
"1502","Sequoyah",0,119198
"3362","Sequoyah",1,69972
"1503","Sevier",0,304074
"3363","Sevier",1,110108
"1504","Seward",0,255283
"3364","Seward",1,118876
"1505","Seward Division,",0,36
"3365","Seward Division,",1,21
"1506","Shackelford",0,21571
"3366","Shackelford",1,48196
"1507","Shannon",0,67035
"3367","Shannon",1,47119
"1508","Sharkey",0,21908
"3368","Sharkey",1,75391
"1509","Sharp",0,54332
"3369","Sharp",1,34205
"1510","Shasta",0,139912
"3370","Shasta",1,56257
"1511","Shawano",0,92807
"3371","Shawano",1,75809
"1512","Shawano (includes Menominee)",0,36
"3372","Shawano (includes Menominee)",1,21
"1513","Shawnee",0,130096
"3373","Shawnee",1,83019
"1514","Sheboygan",0,154413
"3374","Sheboygan",1,28176
"1515","Shelby",0,984111
"3375","Shelby",1,591380
"1516","Shenandoah",0,133302
"3376","Shenandoah",1,66853
"1517","Sherburne",0,110811
"3377","Sherburne",1,30007
"1518","Sheridan",0,264393
"3378","Sheridan",1,166564
"1519","Sherman",0,324230
"3379","Sherman",1,129595
"1520","Shiawassee",0,109023
"3380","Shiawassee",1,35241
"1521","Shoshone",0,97418
"3381","Shoshone",1,74265
"1522","Sibley",0,94214
"3382","Sibley",1,49924
"1523","Sierra",0,124998
"3383","Sierra",1,76419
"1524","Silver Bow",0,108605
"3384","Silver Bow",1,71076
"1525","Simpson",0,120076
"3385","Simpson",1,160253
"1526","Sioux",0,154400
"3386","Sioux",1,128995
"1527","Siskiyou",0,141106
"3387","Siskiyou",1,45481
"1528","Sitka City and Borough",0,128759
"3388","Sitka City and Borough",1,52056
"1529","Sitka Division,",0,36
"3389","Sitka Division,",1,21
"1530","Skagit",0,149912
"3390","Skagit",1,55819
"1531","Skagway Municipality,",0,47044
"3391","Skagway Municipality,",1,52562
"1532","Skagway-Hoonah-Angoon Census Area,",0,36
"3392","Skagway-Hoonah-Angoon Census Area,",1,21
"1533","Skagway-Yakutat Division,",0,36
"3393","Skagway-Yakutat Division,",1,21
"1534","Skagway-Yakutat-Angoon Census Area,",0,36
"3394","Skagway-Yakutat-Angoon Census Area,",1,21
"1535","Skamania",0,73295
"3395","Skamania",1,34132
"1536","Slope",0,69958
"3396","Slope",1,32978
"1537","Smith",0,425861
"3397","Smith",1,191347
"1538","Smyth",0,86548
"3398","Smyth",1,43011
"1539","Snohomish",0,126155
"3399","Snohomish",1,75115
"1540","Snyder",0,84835
"3400","Snyder",1,34230
"1541","Socorro",0,92862
"3401","Socorro",1,11769
"1542","Solano",0,133056
"3402","Solano",1,75887
"1543","Somerset",0,388414
"3403","Somerset",1,237134
"1544","Somervell",0,82928
"3404","Somervell",1,59233
"1545","Sonoma",0,114087
"3405","Sonoma",1,105283
"1546","Southampton + Franklin,",0,97299
"3406","Southampton + Franklin,",1,37245
"1547","Southeast Fairbanks Census Area,",0,82176
"3407","Southeast Fairbanks Census Area,",1,50352
"1548","Southeast Fairbanks Division,",0,36
"3408","Southeast Fairbanks Division,",1,21
"1549","Spalding",0,118352
"3409","Spalding",1,93075
"1550","Spartanburg",0,68312
"3410","Spartanburg",1,40366
"1551","Spencer",0,138124
"3411","Spencer",1,109575
"1552","Spink",0,64204
"3412","Spink",1,16865
"1553","Spokane",0,112534
"3413","Spokane",1,63202
"1554","Spotsylvania + Fredericksburg,",0,107900
"3414","Spotsylvania + Fredericksburg,",1,33535
"1555","St. Bernard",0,66563
"3415","St. Bernard",1,12751
"1556","St. Charles",0,146887
"3416","St. Charles",1,119144
"1557","St. Clair",0,484265
"3417","St. Clair",1,200767
"1558","St. Croix",0,116267
"3418","St. Croix",1,34227
"1559","St. Francis",0,118192
"3419","St. Francis",1,57012
"1560","St. Francois",0,99122
"3420","St. Francois",1,111292
"1561","St. Helena",0,29370
"3421","St. Helena",1,25059
"1562","St. James",0,73335
"3422","St. James",1,22417
"1563","St. John the Baptist",0,89251
"3423","St. John the Baptist",1,34717
"1564","St. Johns",0,133104
"3424","St. Johns",1,53051
"1565","St. Joseph",0,263721
"3425","St. Joseph",1,127145
"1566","St. Landry",0,117897
"3426","St. Landry",1,69973
"1567","St. Lawrence",0,91825
"3427","St. Lawrence",1,55891
"1568","St. Louis",0,265673
"3428","St. Louis",1,182286
"1569","St. Louis (Independent City)",0,125064
"3429","St. Louis (Independent City)",1,25670
"1570","St. Lucie",0,127597
"3430","St. Lucie",1,59163
"1571","St. Martin",0,123041
"3431","St. Martin",1,81488
"1572","St. Mary",0,101824
"3432","St. Mary",1,61626
"1573","St. Mary's",0,107437
"3433","St. Mary's",1,38124
"1574","St. Tammany",0,118412
"3434","St. Tammany",1,78002
"1575","Stafford",0,148401
"3435","Stafford",1,119543
"1576","Stanislaus",0,101719
"3436","Stanislaus",1,41221
"1577","Stanley",0,52094
"3437","Stanley",1,49771
"1578","Stanly",0,113491
"3438","Stanly",1,69179
"1579","Stanton",0,191164
"3439","Stanton",1,78708
"1580","Stark",0,270606
"3440","Stark",1,154782
"1581","Starke",0,120690
"3441","Starke",1,33001
"1582","Starr",0,39568
"3442","Starr",1,86289
"1583","Ste. Genevieve",0,99347
"3443","Ste. Genevieve",1,71877
"1584","Stearns",0,134053
"3444","Stearns",1,74015
"1585","Steele",0,136786
"3445","Steele",1,56947
"1586","Stephens",0,264525
"3446","Stephens",1,123415
"1587","Stephenson",0,107168
"3447","Stephenson",1,51275
"1588","Sterling",0,68219
"3448","Sterling",1,29890
"1589","Steuben",0,190179
"3449","Steuben",1,124494
"1590","Stevens",0,219428
"3450","Stevens",1,67627
"1591","Stewart",0,66158
"3451","Stewart",1,68899
"1592","Stillwater",0,36348
"3452","Stillwater",1,32896
"1593","Stoddard",0,79073
"3453","Stoddard",1,74449
"1594","Stokes",0,95189
"3454","Stokes",1,80296
"1595","Stone",0,327668
"3455","Stone",1,132761
"1596","Stonewall",0,91534
"3456","Stonewall",1,47137
"1597","Storey",0,28298
"3457","Storey",1,38811
"1598","Story",0,143922
"3458","Story",1,28182
"1599","Strafford",0,149812
"3459","Strafford",1,3880
"1600","Stutsman",0,102213
"3460","Stutsman",1,93844
"1601","Sublette",0,74598
"3461","Sublette",1,49238
"1602","Suffolk",0,292419
"3462","Suffolk",1,110394
"1603","Suffolk (Independent City)",0,115333
"3463","Suffolk (Independent City)",1,57833
"1604","Sullivan",0,533781
"3464","Sullivan",1,230132
"1605","Sully",0,40456
"3465","Sully",1,21903
"1606","Summers",0,85187
"3466","Summers",1,43097
"1607","Summit",0,394908
"3467","Summit",1,139579
"1608","Sumner",0,263239
"3468","Sumner",1,105715
"1609","Sumter",0,441504
"3469","Sumter",1,201401
"1610","Sunflower",0,100491
"3470","Sunflower",1,36400
"1611","Surry",0,106014
"3471","Surry",1,92605
"1612","Susquehanna",0,114870
"3472","Susquehanna",1,65467
"1613","Sussex",0,325988
"3473","Sussex",1,147797
"1614","Sutter",0,108160
"3474","Sutter",1,56619
"1615","Sutton",0,80368
"3475","Sutton",1,68893
"1616","Suwannee",0,81552
"3476","Suwannee",1,93896
"1617","Swain",0,113506
"3477","Swain",1,47435
"1618","Sweet Grass",0,112018
"3478","Sweet Grass",1,18134
"1619","Sweetwater",0,101968
"3479","Sweetwater",1,27310
"1620","Swift",0,87613
"3480","Swift",1,63078
"1621","Swisher",0,36169
"3481","Swisher",1,43792
"1622","Switzerland",0,55025
"3482","Switzerland",1,8163
"1623","Talbot",0,175251
"3483","Talbot",1,73151
"1624","Taliaferro",0,61964
"3484","Taliaferro",1,4931
"1625","Talladega",0,114834
"3485","Talladega",1,52898
"1626","Tallahatchie",0,82924
"3486","Tallahatchie",1,46253
"1627","Tallapoosa",0,91817
"3487","Tallapoosa",1,40089
"1628","Tama",0,100919
"3488","Tama",1,43611
"1629","Taney",0,110948
"3489","Taney",1,64749
"1630","Tangipahoa",0,133083
"3490","Tangipahoa",1,64904
"1631","Taos",0,121438
"3491","Taos",1,36268
"1632","Tarrant",0,120587
"3492","Tarrant",1,91848
"1633","Tate",0,60821
"3493","Tate",1,46711
"1634","Tattnall",0,69498
"3494","Tattnall",1,50551
"1635","Taylor",0,634445
"3495","Taylor",1,257953
"1636","Tazewell",0,268400
"3496","Tazewell",1,144737
"1637","Tehama",0,120839
"3497","Tehama",1,50461
"1638","Telfair",0,84579
"3498","Telfair",1,26485
"1639","Teller",0,160063
"3499","Teller",1,45229
"1640","Tensas",0,21233
"3500","Tensas",1,39572
"1641","Terrebonne",0,170085
"3501","Terrebonne",1,65074
"1642","Terrell",0,120468
"3502","Terrell",1,79618
"1643","Terry",0,115221
"3503","Terry",1,52564
"1644","Teton",0,308411
"3504","Teton",1,110942
"1645","Texas",0,135707
"3505","Texas",1,110460
"1646","Thayer",0,86721
"3506","Thayer",1,29457
"1647","Thomas",0,250272
"3507","Thomas",1,75171
"1648","Throckmorton",0,86687
"3508","Throckmorton",1,18799
"1649","Thurston",0,197301
"3509","Thurston",1,120181
"1650","Tift",0,92816
"3510","Tift",1,34248
"1651","Tillamook",0,134000
"3511","Tillamook",1,91840
"1652","Tillman",0,29785
"3512","Tillman",1,54406
"1653","Tioga",0,198874
"3513","Tioga",1,160905
"1654","Tippah",0,85048
"3514","Tippah",1,60241
"1655","Tippecanoe",0,133529
"3515","Tippecanoe",1,57286
"1656","Tipton",0,223350
"3516","Tipton",1,67834
"1657","Tishomingo",0,82766
"3517","Tishomingo",1,65464
"1658","Titus",0,127338
"3518","Titus",1,91713
"1659","Todd",0,179529
"3519","Todd",1,84317
"1660","Tolland",0,123721
"3520","Tolland",1,28461
"1661","Tom Green",0,153535
"3521","Tom Green",1,73159
"1662","Tompkins",0,112219
"3522","Tompkins",1,40572
"1663","Tooele",0,108991
"3523","Tooele",1,34072
"1664","Toole",0,85119
"3524","Toole",1,19020
"1665","Toombs",0,95176
"3525","Toombs",1,76161
"1666","Torrance",0,78806
"3526","Torrance",1,47261
"1667","Towner",0,75917
"3527","Towner",1,27394
"1668","Towns",0,82809
"3528","Towns",1,32811
"1669","Traill",0,69981
"3529","Traill",1,32031
"1670","Transylvania",0,127620
"3530","Transylvania",1,32888
"1671","Traverse",0,62853
"3531","Traverse",1,57167
"1672","Travis",0,160196
"3532","Travis",1,93168
"1673","Treasure",0,56149
"3533","Treasure",1,7366
"1674","Trego",0,12123
"3534","Trego",1,56816
"1675","Trempealeau",0,116402
"3535","Trempealeau",1,36434
"1676","Treutlen",0,43819
"3536","Treutlen",1,94776
"1677","Trigg",0,69955
"3537","Trigg",1,41052
"1678","Trimble",0,37609
"3538","Trimble",1,25195
"1679","Trinity",0,122695
"3539","Trinity",1,75912
"1680","Tripp",0,55146
"3540","Tripp",1,30806
"1681","Troup",0,131559
"3541","Troup",1,20239
"1682","Trousdale",0,70104
"3542","Trousdale",1,21303
"1683","Trumbull",0,150089
"3543","Trumbull",1,73490
"1684","Tucker",0,58148
"3544","Tucker",1,29937
"1685","Tulare",0,96269
"3545","Tulare",1,94986
"1686","Tulsa",0,146636
"3546","Tulsa",1,62172
"1687","Tunica",0,51372
"3547","Tunica",1,53949
"1688","Tuolumne",0,91531
"3548","Tuolumne",1,38172
"1689","Turner",0,118580
"3549","Turner",1,77540
"1690","Tuscaloosa",0,138396
"3550","Tuscaloosa",1,67518
"1691","Tuscarawas",0,128800
"3551","Tuscarawas",1,51828
"1692","Tuscola",0,99368
"3552","Tuscola",1,23811
"1693","Twiggs",0,31087
"3553","Twiggs",1,18016
"1694","Twin Falls",0,148212
"3554","Twin Falls",1,43806
"1695","Tyler",0,116435
"3555","Tyler",1,81229
"1696","Tyrrell",0,71119
"3556","Tyrrell",1,8793
"1697","Uinta",0,140979
"3557","Uinta",1,71827
"1698","Uintah",0,75354
"3558","Uintah",1,79944
"1699","Ulster",0,128244
"3559","Ulster",1,53637
"1700","Umatilla",0,116105
"3560","Umatilla",1,59045
"1701","Unicoi",0,81731
"3561","Unicoi",1,31042
"1702","Union",0,1886116
"3562","Union",1,826897
"1703","Upper Yukon Division,",0,36
"3563","Upper Yukon Division,",1,21
"1704","Upshur",0,199587
"3564","Upshur",1,134360
"1705","Upson",0,94276
"3565","Upson",1,80471
"1706","Upton",0,32221
"3566","Upton",1,55624
"1707","Utah",0,110919
"3567","Utah",1,107574
"1708","Uvalde",0,82816
"3568","Uvalde",1,104957
"1709","Val Verde",0,115891
"3569","Val Verde",1,8816
"1710","Valdez-Chitina-Whittier Division,",0,36
"3570","Valdez-Chitina-Whittier Division,",1,21
"1711","Valdez-Cordova Census Area,",0,114037
"3571","Valdez-Cordova Census Area,",1,70825
"1712","Valencia",0,126106
"3572","Valencia",1,39120
"1713","Valley",0,248586
"3573","Valley",1,96985
"1714","Van Buren",0,256935
"3574","Van Buren",1,194958
"1715","Van Wert",0,144735
"3575","Van Wert",1,70985
"1716","Van Zandt",0,97452
"3576","Van Zandt",1,84292
"1717","Vance",0,136014
"3577","Vance",1,64142
"1718","Vanderburgh",0,127839
"3578","Vanderburgh",1,58131
"1719","Venango",0,107217
"3579","Venango",1,54272
"1720","Ventura",0,150272
"3580","Ventura",1,49275
"1721","Vermilion",0,231901
"3581","Vermilion",1,108026
"1722","Vermillion",0,56891
"3582","Vermillion",1,62502
"1723","Vernon",0,227657
"3583","Vernon",1,163017
"1724","Victoria",0,146101
"3584","Victoria",1,68823
"1725","Vigo",0,148494
"3585","Vigo",1,62931
"1726","Vilas",0,130612
"3586","Vilas",1,61494
"1727","Vinton",0,50623
"3587","Vinton",1,29334
"1728","Virginia Beach (Independent City)",0,110041
"3588","Virginia Beach (Independent City)",1,35863
"1729","Volusia",0,100500
"3589","Volusia",1,51362
"1730","Wabash",0,150881
"3590","Wabash",1,90279
"1731","Wabasha",0,109633
"3591","Wabasha",1,36486
"1732","Wabaunsee",0,36717
"3592","Wabaunsee",1,49097
"1733","Wadena",0,107406
"3593","Wadena",1,99831
"1734","Wagoner",0,73216
"3594","Wagoner",1,45011
"1735","Wahkiakum",0,106777
"3595","Wahkiakum",1,28636
"1736","Wake",0,151163
"3596","Wake",1,69145
"1737","Wakulla",0,135100
"3597","Wakulla",1,94344
"1738","Waldo",0,135048
"3598","Waldo",1,20892
"1739","Walker",0,279585
"3599","Walker",1,212077
"1740","Walla Walla",0,30974
"3600","Walla Walla",1,56679
"1741","Wallace",0,71257
"3601","Wallace",1,31725
"1742","Waller",0,93845
"3602","Waller",1,63786
"1743","Wallowa",0,93917
"3603","Wallowa",1,40091
"1744","Walsh",0,78400
"3604","Walsh",1,40287
"1745","Walthall",0,35810
"3605","Walthall",1,61497
"1746","Walton",0,257156
"3606","Walton",1,118120
"1747","Walworth",0,191932
"3607","Walworth",1,75172
"1748","Wapello",0,101408
"3608","Wapello",1,67432
"1749","Ward",0,190772
"3609","Ward",1,111957
"1750","Ware",0,82760
"3610","Ware",1,68943
"1751","Warren",0,1519055
"3611","Warren",1,608084
"1752","Warrick",0,99930
"3612","Warrick",1,94186
"1753","Wasatch",0,124968
"3613","Wasatch",1,43246
"1754","Wasco",0,115197
"3614","Wasco",1,63054
"1755","Waseca",0,93060
"3615","Waseca",1,25783
"1756","Washakie",0,94969
"3616","Washakie",1,53278
"1757","Washburn",0,80041
"3617","Washburn",1,28546
"1758","Washington",0,3282270
"3618","Washington",1,1353553
"1759","Washington + Bristol,",0,128637
"3619","Washington + Bristol,",1,14510
"1760","Washita",0,55863
"3620","Washita",1,27259
"1761","Washoe",0,114186
"3621","Washoe",1,47227
"1762","Washtenaw",0,109928
"3622","Washtenaw",1,69999
"1763","Watauga",0,119596
"3623","Watauga",1,58270
"1764","Watonwan",0,116534
"3624","Watonwan",1,29625
"1765","Waukesha",0,124940
"3625","Waukesha",1,89851
"1766","Waupaca",0,146516
"3626","Waupaca",1,81654
"1767","Waushara",0,88743
"3627","Waushara",1,74073
"1768","Wayne",0,1594614
"3628","Wayne",1,797516
"1769","Weakley",0,64895
"3629","Weakley",1,58560
"1770","Webb",0,100928
"3630","Webb",1,61608
"1771","Weber",0,163476
"3631","Weber",1,77632
"1772","Webster",0,649993
"3632","Webster",1,214385
"1773","Weld,",0,144675
"3633","Weld,",1,57525
"1774","Wells",0,112088
"3634","Wells",1,70032
"1775","West Baton Rouge",0,89109
"3635","West Baton Rouge",1,21841
"1776","West Carroll",0,105593
"3636","West Carroll",1,26254
"1777","West Feliciana",0,59244
"3637","West Feliciana",1,44652
"1778","Westchester",0,133062
"3638","Westchester",1,37080
"1779","Westmoreland",0,216308
"3639","Westmoreland",1,114252
"1780","Weston",0,37299
"3640","Weston",1,56387
"1781","Wetzel",0,67715
"3641","Wetzel",1,22342
"1782","Wexford",0,100975
"3642","Wexford",1,74382
"1783","Wharton",0,72771
"3643","Wharton",1,88169
"1784","Whatcom",0,130441
"3644","Whatcom",1,30913
"1785","Wheatland",0,44996
"3645","Wheatland",1,48202
"1786","Wheeler",0,199170
"3646","Wheeler",1,94069
"1787","White",0,539371
"3647","White",1,242644
"1788","White Pine",0,84686
"3648","White Pine",1,5059
"1789","Whiteside",0,98263
"3649","Whiteside",1,44880
"1790","Whitfield",0,135515
"3650","Whitfield",1,45019
"1791","Whitley",0,182564
"3651","Whitley",1,87083
"1792","Whitman",0,64609
"3652","Whitman",1,41773
"1793","Wibaux",0,68285
"3653","Wibaux",1,11021
"1794","Wichita",0,210529
"3654","Wichita",1,97541
"1795","Wicomico",0,155542
"3655","Wicomico",1,52053
"1796","Wilbarger",0,102689
"3656","Wilbarger",1,67159
"1797","Wilcox",0,97538
"3657","Wilcox",1,60624
"1798","Wilkes",0,193296
"3658","Wilkes",1,102107
"1799","Wilkin",0,87318
"3659","Wilkin",1,27894
"1800","Wilkinson",0,108986
"3660","Wilkinson",1,110001
"1801","Will",0,107240
"3661","Will",1,60663
"1802","Willacy",0,73755
"3662","Willacy",1,38240
"1803","Williams",0,134298
"3663","Williams",1,106532
"1804","Williamsburg",0,82525
"3664","Williamsburg",1,49338
"1805","Williamson",0,287282
"3665","Williamson",1,145728
"1806","Wilson",0,492474
"3666","Wilson",1,190283
"1807","Windham",0,208863
"3667","Windham",1,75419
"1808","Windsor",0,102977
"3668","Windsor",1,69884
"1809","Winkler",0,45563
"3669","Winkler",1,40302
"1810","Winn",0,59538
"3670","Winn",1,70223
"1811","Winnebago",0,301530
"3671","Winnebago",1,197131
"1812","Winneshiek",0,102792
"3672","Winneshiek",1,37839
"1813","Winona",0,135285
"3673","Winona",1,40478
"1814","Winston",0,198252
"3674","Winston",1,97404
"1815","Wirt",0,52949
"3675","Wirt",1,56270
"1816","Wise",0,51899
"3676","Wise",1,40495
"1817","Wise + Norton,",0,115294
"3677","Wise + Norton,",1,63851
"1818","Wolfe",0,26509
"3678","Wolfe",1,33971
"1819","Wood",0,460972
"3679","Wood",1,233550
"1820","Woodbury",0,153822
"3680","Woodbury",1,38533
"1821","Woodford",0,211911
"3681","Woodford",1,68224
"1822","Woodruff",0,86447
"3682","Woodruff",1,29495
"1823","Woods",0,68939
"3683","Woods",1,51239
"1824","Woodson",0,55222
"3684","Woodson",1,54987
"1825","Woodward",0,140775
"3685","Woodward",1,72983
"1826","Worcester",0,237797
"3686","Worcester",1,144218
"1827","Worth",0,204254
"3687","Worth",1,98548
"1828","Wrangell City and Borough,",0,42847
"3688","Wrangell City and Borough,",1,63437
"1829","Wrangell-Petersburg Census Area,",0,36
"3689","Wrangell-Petersburg Census Area,",1,21
"1830","Wrangell-Petersburg Division,",0,36
"3690","Wrangell-Petersburg Division,",1,21
"1831","Wright",0,312974
"3691","Wright",1,136253
"1832","Wyandot",0,111625
"3692","Wyandot",1,30719
"1833","Wyandotte",0,130792
"3693","Wyandotte",1,24670
"1834","Wyoming",0,276966
"3694","Wyoming",1,235085
"1835","Wythe",0,121901
"3695","Wythe",1,58050
"1836","Yadkin",0,133592
"3696","Yadkin",1,31867
"1837","Yakima",0,137680
"3697","Yakima",1,74333
"1838","Yakutat City and Borough,",0,46330
"3698","Yakutat City and Borough,",1,44026
"1839","Yalobusha",0,41012
"3699","Yalobusha",1,40592
"1840","Yamhill",0,124765
"3700","Yamhill",1,93502
"1841","Yancey",0,139475
"3701","Yancey",1,26931
"1842","Yankton",0,117508
"3702","Yankton",1,45674
"1843","Yates",0,96299
"3703","Yates",1,35070
"1844","Yavapai",0,110831
"3704","Yavapai",1,74008
"1845","Yazoo",0,114687
"3705","Yazoo",1,64843
"1846","Yell",0,84565
"3706","Yell",1,38939
"1847","Yellow Medicine",0,85473
"3707","Yellow Medicine",1,29905
"1848","Yellowstone",0,141474
"3708","Yellowstone",1,92102
"1849","Yoakum",0,60905
"3709","Yoakum",1,50387
"1850","Yolo",0,134628
"3710","Yolo",1,53877
"1851","York",0,490820
"3711","York",1,267806
"1852","York + Poquoson,",0,60222
"3712","York + Poquoson,",1,91619
"1853","Young",0,150730
"3713","Young",1,44789
"1854","Yuba",0,69026
"3714","Yuba",1,37511
"1855","Yukon-Koyukuk Census Area,",0,18921
"3715","Yukon-Koyukuk Census Area,",1,16425
"1856","Yukon-Koyukuk Division,",0,36
"3716","Yukon-Koyukuk Division,",1,21
"1857","Yuma",0,280730
"3717","Yuma",1,109603
"1858","Zapata",0,77930
"3718","Zapata",1,31174
"1859","Zavala",0,59130
"3719","Zavala",1,7840
"1860","Ziebach",0,44674
"3720","Ziebach",1,4393
