"","FIPS","State","Countynames","poverty_perc"
"3",1001,"AL","Autauga ",13.8
"4",1003,"AL","Baldwin ",9.8
"5",1005,"AL","Barbour ",30.9
"6",1007,"AL","Bibb ",21.8
"7",1009,"AL","Blount ",13.2
"8",1011,"AL","Bullock ",42.5
"9",1013,"AL","Butler ",24.5
"10",1015,"AL","Calhoun ",19.5
"11",1017,"AL","Chambers ",18.7
"12",1019,"AL","Cherokee ",16.3
"13",1021,"AL","Chilton ",17.3
"14",1023,"AL","Choctaw ",22.1
"15",1025,"AL","Clarke ",22.8
"16",1027,"AL","Clay ",17.6
"17",1029,"AL","Cleburne ",16
"18",1031,"AL","Coffee ",13.8
"19",1033,"AL","Colbert ",13.8
"20",1035,"AL","Conecuh ",24.4
"21",1037,"AL","Coosa ",18.9
"22",1039,"AL","Covington ",19.9
"23",1041,"AL","Crenshaw ",19.5
"24",1043,"AL","Cullman ",14.5
"25",1045,"AL","Dale ",16.2
"26",1047,"AL","Dallas ",31.4
"27",1049,"AL","DeKalb ",21.3
"28",1051,"AL","Elmore ",11.2
"29",1053,"AL","Escambia ",23.6
"30",1055,"AL","Etowah ",17.5
"31",1057,"AL","Fayette ",23.5
"32",1059,"AL","Franklin ",19.2
"33",1061,"AL","Geneva ",21.3
"34",1063,"AL","Greene ",30.1
"35",1065,"AL","Hale ",25.6
"36",1067,"AL","Henry ",17.9
"37",1069,"AL","Houston ",16.5
"38",1071,"AL","Jackson ",19.7
"39",1073,"AL","Jefferson ",16.1
"40",1075,"AL","Lamar ",17.4
"41",1077,"AL","Lauderdale ",14
"42",1079,"AL","Lawrence ",19.3
"43",1081,"AL","Lee ",19
"44",1083,"AL","Limestone ",11.4
"45",1085,"AL","Lowndes ",25.1
"46",1087,"AL","Macon ",30.2
"47",1089,"AL","Madison ",11.9
"48",1091,"AL","Marengo ",24
"49",1093,"AL","Marion ",20.2
"50",1095,"AL","Marshall ",18.3
"51",1097,"AL","Mobile ",20.8
"52",1099,"AL","Monroe ",21.9
"53",1101,"AL","Montgomery ",20.1
"54",1103,"AL","Morgan ",13.2
"55",1105,"AL","Perry ",35.3
"56",1107,"AL","Pickens ",23.1
"57",1109,"AL","Pike ",23.6
"58",1111,"AL","Randolph ",19.7
"59",1113,"AL","Russell ",21.7
"60",1115,"AL","St. Clair ",12
"61",1117,"AL","Shelby ",8
"62",1119,"AL","Sumter ",34.7
"63",1121,"AL","Talladega ",19.3
"64",1123,"AL","Tallapoosa ",19.7
"65",1125,"AL","Tuscaloosa ",16.8
"66",1127,"AL","Walker ",17.9
"67",1129,"AL","Washington ",17.6
"68",1131,"AL","Wilcox ",33.4
"69",1133,"AL","Winston ",18.6
"101",4001,"AZ","Apache ",37.3
"102",4003,"AZ","Cochise ",15.1
"103",4005,"AZ","Coconino ",15.9
"104",4007,"AZ","Gila ",20.4
"105",4009,"AZ","Graham ",20.2
"106",4011,"AZ","Greenlee ",10.5
"107",4012,"AZ","La Paz ",23.7
"108",4013,"AZ","Maricopa ",12.3
"109",4015,"AZ","Mohave ",16.8
"110",4017,"AZ","Navajo ",28.5
"111",4019,"AZ","Pima ",16.2
"112",4021,"AZ","Pinal ",12.9
"113",4023,"AZ","Santa Cruz ",24.4
"114",4025,"AZ","Yavapai ",13.2
"115",4027,"AZ","Yuma ",19.5
"117",5001,"AR","Arkansas ",17.9
"118",5003,"AR","Ashley ",19.6
"119",5005,"AR","Baxter ",15.1
"120",5007,"AR","Benton ",8.6
"121",5009,"AR","Boone ",14.8
"122",5011,"AR","Bradley ",21.7
"123",5013,"AR","Calhoun ",15.7
"124",5015,"AR","Carroll ",16.1
"125",5017,"AR","Chicot ",31.4
"126",5019,"AR","Clark ",19.9
"127",5021,"AR","Clay ",20.7
"128",5023,"AR","Cleburne ",14.6
"129",5025,"AR","Cleveland ",15.5
"130",5027,"AR","Columbia ",22.4
"131",5029,"AR","Conway ",17.9
"132",5031,"AR","Craighead ",17.9
"133",5033,"AR","Crawford ",16
"134",5035,"AR","Crittenden ",19.2
"135",5037,"AR","Cross ",18
"136",5039,"AR","Dallas ",21.3
"137",5041,"AR","Desha ",24.3
"138",5043,"AR","Drew ",19.5
"139",5045,"AR","Faulkner ",15.4
"140",5047,"AR","Franklin ",18.3
"141",5049,"AR","Fulton ",20.6
"142",5051,"AR","Garland ",20.4
"143",5053,"AR","Grant ",13.1
"144",5055,"AR","Greene ",16.5
"145",5057,"AR","Hempstead ",20.6
"146",5059,"AR","Hot Spring ",18.7
"147",5061,"AR","Howard ",17.3
"148",5063,"AR","Independence ",14.5
"149",5065,"AR","Izard ",18.7
"150",5067,"AR","Jackson ",25.6
"151",5069,"AR","Jefferson ",22.2
"152",5071,"AR","Johnson ",22.2
"153",5073,"AR","Lafayette ",22.8
"154",5075,"AR","Lawrence ",17.7
"155",5077,"AR","Lee ",43
"156",5079,"AR","Lincoln ",27.5
"157",5081,"AR","Little River ",16
"158",5083,"AR","Logan ",18.6
"159",5085,"AR","Lonoke ",11.9
"160",5087,"AR","Madison ",18.4
"161",5089,"AR","Marion ",18.7
"162",5091,"AR","Miller ",21.9
"163",5093,"AR","Mississippi ",25.7
"164",5095,"AR","Monroe ",26
"165",5097,"AR","Montgomery ",18.8
"166",5099,"AR","Nevada ",21.3
"167",5101,"AR","Newton ",17.4
"168",5103,"AR","Ouachita ",23.3
"169",5105,"AR","Perry ",14.7
"170",5107,"AR","Phillips ",35.4
"171",5109,"AR","Pike ",17.8
"172",5111,"AR","Poinsett ",23.7
"173",5113,"AR","Polk ",20
"174",5115,"AR","Pope ",16
"175",5117,"AR","Prairie ",15.8
"176",5119,"AR","Pulaski ",16.7
"177",5121,"AR","Randolph ",17.4
"178",5123,"AR","St. Francis ",35.6
"179",5125,"AR","Saline ",9.7
"180",5127,"AR","Scott ",20.2
"181",5129,"AR","Searcy ",24.3
"182",5131,"AR","Sebastian ",15.6
"183",5133,"AR","Sevier ",20.1
"184",5135,"AR","Sharp ",20.7
"185",5137,"AR","Stone ",20.3
"186",5139,"AR","Union ",18.2
"187",5141,"AR","Van Buren ",16.4
"188",5143,"AR","Washington ",15.2
"189",5145,"AR","White ",16.6
"190",5147,"AR","Woodruff ",23.7
"191",5149,"AR","Yell ",16.3
"193",6001,"CA","Alameda ",9
"194",6003,"CA","Alpine ",17.3
"195",6005,"CA","Amador ",11.8
"196",6007,"CA","Butte ",18.5
"197",6009,"CA","Calaveras ",12.1
"198",6011,"CA","Colusa ",11
"199",6013,"CA","Contra Costa ",7.8
"200",6015,"CA","Del Norte ",20.4
"201",6017,"CA","El Dorado ",8.1
"202",6019,"CA","Fresno ",21.3
"203",6021,"CA","Glenn ",15.4
"204",6023,"CA","Humboldt ",20.3
"205",6025,"CA","Imperial ",21.4
"206",6027,"CA","Inyo ",12.3
"207",6029,"CA","Kern ",20.5
"208",6031,"CA","Kings ",18.8
"209",6033,"CA","Lake ",18.4
"210",6035,"CA","Lassen ",15.8
"211",6037,"CA","Los Angeles ",14.2
"212",6039,"CA","Madera ",20.2
"213",6041,"CA","Marin ",6.6
"214",6043,"CA","Mariposa ",14.9
"215",6045,"CA","Mendocino ",17.5
"216",6047,"CA","Merced ",21.2
"217",6049,"CA","Modoc ",19.1
"218",6051,"CA","Mono ",9.3
"219",6053,"CA","Monterey ",13.3
"220",6055,"CA","Napa ",8.8
"221",6057,"CA","Nevada ",10.3
"222",6059,"CA","Orange ",10.5
"223",6061,"CA","Placer ",7.1
"224",6063,"CA","Plumas ",12.5
"225",6065,"CA","Riverside ",12.7
"226",6067,"CA","Sacramento ",14.3
"227",6069,"CA","San Benito ",8.6
"228",6071,"CA","San Bernardino ",14.9
"229",6073,"CA","San Diego ",11.5
"230",6075,"CA","San Francisco ",10.1
"231",6077,"CA","San Joaquin ",14.3
"232",6079,"CA","San Luis Obispo ",12.7
"233",6081,"CA","San Mateo ",6.8
"234",6083,"CA","Santa Barbara ",12.6
"235",6085,"CA","Santa Clara ",7.3
"236",6087,"CA","Santa Cruz ",12.2
"237",6089,"CA","Shasta ",15.2
"238",6091,"CA","Sierra ",13.3
"239",6093,"CA","Siskiyou ",17.1
"240",6095,"CA","Solano ",7.9
"241",6097,"CA","Sonoma ",9.9
"242",6099,"CA","Stanislaus ",15.6
"243",6101,"CA","Sutter ",13.5
"244",6103,"CA","Tehama ",17
"245",6105,"CA","Trinity ",21.6
"246",6107,"CA","Tulare ",22.2
"247",6109,"CA","Tuolumne ",12.5
"248",6111,"CA","Ventura ",9.1
"249",6113,"CA","Yolo ",20.1
"250",6115,"CA","Yuba ",17.2
"252",8001,"CO","Adams ",9.2
"253",8003,"CO","Alamosa ",19.1
"254",8005,"CO","Arapahoe ",8.1
"255",8007,"CO","Archuleta ",11.2
"256",8009,"CO","Baca ",19.4
"257",8011,"CO","Bent ",33.9
"258",8013,"CO","Boulder ",9.7
"259",8014,"CO","Broomfield ",4.9
"260",8015,"CO","Chaffee ",10.9
"261",8017,"CO","Cheyenne ",12.6
"262",8019,"CO","Clear Creek ",7.2
"263",8021,"CO","Conejos ",21.4
"264",8023,"CO","Costilla ",25.2
"265",8025,"CO","Crowley ",44.3
"266",8027,"CO","Custer ",12
"267",8029,"CO","Delta ",14.6
"268",8031,"CO","Denver ",11.7
"269",8033,"CO","Dolores ",12.8
"270",8035,"CO","Douglas ",2.6
"271",8037,"CO","Eagle ",6.7
"272",8039,"CO","Elbert ",5
"273",8041,"CO","El Paso ",9.9
"274",8043,"CO","Fremont ",16.5
"275",8045,"CO","Garfield ",8.4
"276",8047,"CO","Gilpin ",6.7
"277",8049,"CO","Grand ",7.9
"278",8051,"CO","Gunnison ",10.4
"279",8053,"CO","Hinsdale ",8.6
"280",8055,"CO","Huerfano ",21.7
"281",8057,"CO","Jackson ",13.4
"282",8059,"CO","Jefferson ",7
"283",8061,"CO","Kiowa ",13.8
"284",8063,"CO","Kit Carson ",12.6
"285",8065,"CO","Lake ",12.6
"286",8067,"CO","La Plata ",9.2
"287",8069,"CO","Larimer ",10.5
"288",8071,"CO","Las Animas ",19.2
"289",8073,"CO","Lincoln ",16.2
"290",8075,"CO","Logan ",14.5
"291",8077,"CO","Mesa ",14.4
"292",8079,"CO","Mineral ",9.3
"293",8081,"CO","Moffat ",12.3
"294",8083,"CO","Montezuma ",16.3
"295",8085,"CO","Montrose ",11.6
"296",8087,"CO","Morgan ",12.2
"297",8089,"CO","Otero ",20.8
"298",8091,"CO","Ouray ",7.5
"299",8093,"CO","Park ",8.1
"300",8095,"CO","Phillips ",10.8
"301",8097,"CO","Pitkin ",6.8
"302",8099,"CO","Prowers ",21.6
"303",8101,"CO","Pueblo ",17.2
"304",8103,"CO","Rio Blanco ",10.8
"305",8105,"CO","Rio Grande ",14.5
"306",8107,"CO","Routt ",7
"307",8109,"CO","Saguache ",24.6
"308",8111,"CO","San Juan ",14.4
"309",8113,"CO","San Miguel ",8.6
"310",8115,"CO","Sedgwick ",14.9
"311",8117,"CO","Summit ",6.7
"312",8119,"CO","Teller ",7.4
"313",8121,"CO","Washington ",13.7
"314",8123,"CO","Weld ",10.5
"315",8125,"CO","Yuma ",12.1
"317",9001,"CT","Fairfield ",10
"318",9003,"CT","Hartford ",11.2
"319",9005,"CT","Litchfield ",6.9
"320",9007,"CT","Middlesex ",6.7
"321",9009,"CT","New Haven ",11.6
"322",9011,"CT","New London ",9.8
"323",9013,"CT","Tolland ",8
"324",9015,"CT","Windham ",11.7
"326",10001,"DE","Kent ",13.8
"327",10003,"DE","New Castle ",11.6
"328",10005,"DE","Sussex ",12.3
"332",12001,"FL","Alachua ",19.8
"333",12003,"FL","Baker ",15.4
"334",12005,"FL","Bay ",13.4
"335",12007,"FL","Bradford ",19.5
"336",12009,"FL","Brevard ",11
"337",12011,"FL","Broward ",12.6
"338",12013,"FL","Calhoun ",21.3
"339",12015,"FL","Charlotte ",11.1
"340",12017,"FL","Citrus ",15.2
"341",12019,"FL","Clay ",8.8
"342",12021,"FL","Collier ",10.6
"343",12023,"FL","Columbia ",17.3
"344",12027,"FL","DeSoto ",26.1
"345",12029,"FL","Dixie ",24.7
"346",12031,"FL","Duval ",14.5
"347",12033,"FL","Escambia ",14.7
"348",12035,"FL","Flagler ",10.3
"349",12037,"FL","Franklin ",22.8
"350",12039,"FL","Gadsden ",23.6
"351",12041,"FL","Gilchrist ",16.8
"352",12043,"FL","Glades ",20.1
"353",12045,"FL","Gulf ",20.3
"354",12047,"FL","Hamilton ",27.6
"355",12049,"FL","Hardee ",27
"356",12051,"FL","Hendry ",24
"357",12053,"FL","Hernando ",14.1
"358",12055,"FL","Highlands ",20.8
"359",12057,"FL","Hillsborough ",14.7
"360",12059,"FL","Holmes ",23.9
"361",12061,"FL","Indian River ",10.7
"362",12063,"FL","Jackson ",23.5
"363",12065,"FL","Jefferson ",17.9
"364",12067,"FL","Lafayette ",21
"365",12069,"FL","Lake ",11.5
"366",12071,"FL","Lee ",12.1
"367",12073,"FL","Leon ",20.7
"368",12075,"FL","Levy ",16.1
"369",12077,"FL","Liberty ",23.8
"370",12079,"FL","Madison ",22.8
"371",12081,"FL","Manatee ",10.4
"372",12083,"FL","Marion ",15.1
"373",12085,"FL","Martin ",10.7
"374",12086,"FL","Miami-Dade ",16
"375",12087,"FL","Monroe ",12
"376",12089,"FL","Nassau ",10.4
"377",12091,"FL","Okaloosa ",12.7
"378",12093,"FL","Okeechobee ",21.5
"379",12095,"FL","Orange ",15.6
"380",12097,"FL","Osceola ",13.4
"381",12099,"FL","Palm Beach ",12.2
"382",12101,"FL","Pasco ",12.6
"383",12103,"FL","Pinellas ",11.7
"384",12105,"FL","Polk ",15.7
"385",12107,"FL","Putnam ",18.8
"386",12109,"FL","St. Johns ",6.6
"387",12111,"FL","St. Lucie ",12.1
"388",12113,"FL","Santa Rosa ",9.5
"389",12115,"FL","Sarasota ",10.3
"390",12117,"FL","Seminole ",9.9
"391",12119,"FL","Sumter ",9.3
"392",12121,"FL","Suwannee ",19.3
"393",12123,"FL","Taylor ",21.6
"394",12125,"FL","Union ",20.6
"395",12127,"FL","Volusia ",13.2
"396",12129,"FL","Wakulla ",11.9
"397",12131,"FL","Walton ",11.4
"398",12133,"FL","Washington ",22.8
"400",13001,"GA","Appling ",21.9
"401",13003,"GA","Atkinson ",26.1
"402",13005,"GA","Bacon ",22.8
"403",13007,"GA","Baker ",22.9
"404",13009,"GA","Baldwin ",23.8
"405",13011,"GA","Banks ",13
"406",13013,"GA","Barrow ",9.5
"407",13015,"GA","Bartow ",12.2
"408",13017,"GA","Ben Hill ",26.2
"409",13019,"GA","Berrien ",21.8
"410",13021,"GA","Bibb ",24.7
"411",13023,"GA","Bleckley ",18.7
"412",13025,"GA","Brantley ",18.3
"413",13027,"GA","Brooks ",24.5
"414",13029,"GA","Bryan ",8.6
"415",13031,"GA","Bulloch ",22.9
"416",13033,"GA","Burke ",22
"417",13035,"GA","Butts ",19.7
"418",13037,"GA","Calhoun ",37.2
"419",13039,"GA","Camden ",15.8
"420",13043,"GA","Candler ",24.6
"421",13045,"GA","Carroll ",16.8
"422",13047,"GA","Catoosa ",11.9
"423",13049,"GA","Charlton ",25.6
"424",13051,"GA","Chatham ",14.4
"425",13053,"GA","Chattahoochee ",17.3
"426",13055,"GA","Chattooga ",19.5
"427",13057,"GA","Cherokee ",7.4
"428",13059,"GA","Clarke ",27
"429",13061,"GA","Clay ",29.8
"430",13063,"GA","Clayton ",17.6
"431",13065,"GA","Clinch ",25.8
"432",13067,"GA","Cobb ",9.1
"433",13069,"GA","Coffee ",23.9
"434",13071,"GA","Colquitt ",23.9
"435",13073,"GA","Columbia ",7.1
"436",13075,"GA","Cook ",24.5
"437",13077,"GA","Coweta ",10.2
"438",13079,"GA","Crawford ",18.5
"439",13081,"GA","Crisp ",27.4
"440",13083,"GA","Dade ",13.6
"441",13085,"GA","Dawson ",8.7
"442",13087,"GA","Decatur ",23.2
"443",13089,"GA","DeKalb ",14.3
"444",13091,"GA","Dodge ",26.5
"445",13093,"GA","Dooly ",29.1
"446",13095,"GA","Dougherty ",29.5
"447",13097,"GA","Douglas ",12.6
"448",13099,"GA","Early ",26.5
"449",13101,"GA","Echols ",24.4
"450",13103,"GA","Effingham ",8.3
"451",13105,"GA","Elbert ",18.5
"452",13107,"GA","Emanuel ",25.1
"453",13109,"GA","Evans ",26.6
"454",13111,"GA","Fannin ",16.8
"455",13113,"GA","Fayette ",5
"456",13115,"GA","Floyd ",20.7
"457",13117,"GA","Forsyth ",5
"458",13119,"GA","Franklin ",16.4
"459",13121,"GA","Fulton ",13.5
"460",13123,"GA","Gilmer ",17.4
"461",13125,"GA","Glascock ",17.5
"462",13127,"GA","Glynn ",16.6
"463",13129,"GA","Gordon ",16.8
"464",13131,"GA","Grady ",20
"465",13133,"GA","Greene ",19.3
"466",13135,"GA","Gwinnett ",9.2
"467",13137,"GA","Habersham ",14.9
"468",13139,"GA","Hall ",13.2
"469",13141,"GA","Hancock ",30.7
"470",13143,"GA","Haralson ",15.9
"471",13145,"GA","Harris ",8.7
"472",13147,"GA","Hart ",15
"473",13149,"GA","Heard ",17.1
"474",13151,"GA","Henry ",7.5
"475",13153,"GA","Houston ",12.1
"476",13155,"GA","Irwin ",24.3
"477",13157,"GA","Jackson ",8.7
"478",13159,"GA","Jasper ",15.4
"479",13161,"GA","Jeff Davis ",20.6
"480",13163,"GA","Jefferson ",22.3
"481",13165,"GA","Jenkins ",31.8
"482",13167,"GA","Johnson ",30
"483",13169,"GA","Jones ",14.5
"484",13171,"GA","Lamar ",17.3
"485",13173,"GA","Lanier ",20.3
"486",13175,"GA","Laurens ",24.6
"487",13177,"GA","Lee ",12.4
"488",13179,"GA","Liberty ",16.1
"489",13181,"GA","Lincoln ",17.2
"490",13183,"GA","Long ",16.8
"491",13185,"GA","Lowndes ",25.9
"492",13187,"GA","Lumpkin ",14.9
"493",13189,"GA","McDuffie ",19.9
"494",13191,"GA","McIntosh ",21.5
"495",13193,"GA","Macon ",30.5
"496",13195,"GA","Madison ",16.1
"497",13197,"GA","Marion ",22.8
"498",13199,"GA","Meriwether ",24.4
"499",13201,"GA","Miller ",22.4
"500",13205,"GA","Mitchell ",29.3
"501",13207,"GA","Monroe ",13
"502",13209,"GA","Montgomery ",22.1
"503",13211,"GA","Morgan ",12.7
"504",13213,"GA","Murray ",15.2
"505",13215,"GA","Muscogee ",20.1
"506",13217,"GA","Newton ",14.8
"507",13219,"GA","Oconee ",5.7
"508",13221,"GA","Oglethorpe ",13.8
"509",13223,"GA","Paulding ",7.8
"510",13225,"GA","Peach ",24
"511",13227,"GA","Pickens ",11
"512",13229,"GA","Pierce ",18.1
"513",13231,"GA","Pike ",10.6
"514",13233,"GA","Polk ",21.8
"515",13235,"GA","Pulaski ",23.9
"516",13237,"GA","Putnam ",16.1
"517",13239,"GA","Quitman ",25.5
"518",13241,"GA","Rabun ",14.2
"519",13243,"GA","Randolph ",30.8
"520",13245,"GA","Richmond ",21.9
"521",13247,"GA","Rockdale ",13.2
"522",13249,"GA","Schley ",18.1
"523",13251,"GA","Screven ",25.9
"524",13253,"GA","Seminole ",25.4
"525",13255,"GA","Spalding ",17.3
"526",13257,"GA","Stephens ",16.3
"527",13259,"GA","Stewart ",37.9
"528",13261,"GA","Sumter ",25.7
"529",13263,"GA","Talbot ",24.8
"530",13265,"GA","Taliaferro ",24.6
"531",13267,"GA","Tattnall ",25.6
"532",13269,"GA","Taylor ",22.9
"533",13271,"GA","Telfair ",31.9
"534",13273,"GA","Terrell ",27.8
"535",13275,"GA","Thomas ",20.2
"536",13277,"GA","Tift ",19.6
"537",13279,"GA","Toombs ",24.9
"538",13281,"GA","Towns ",16
"539",13283,"GA","Treutlen ",26.3
"540",13285,"GA","Troup ",20.2
"541",13287,"GA","Turner ",27.9
"542",13289,"GA","Twiggs ",21.3
"543",13291,"GA","Union ",13.8
"544",13293,"GA","Upson ",21.6
"545",13295,"GA","Walker ",15.5
"546",13297,"GA","Walton ",11.9
"547",13299,"GA","Ware ",23.6
"548",13301,"GA","Warren ",25.7
"549",13303,"GA","Washington ",25.9
"550",13305,"GA","Wayne ",18.6
"551",13307,"GA","Webster ",22.7
"552",13309,"GA","Wheeler ",39.6
"553",13311,"GA","White ",14.1
"554",13313,"GA","Whitfield ",14.2
"555",13315,"GA","Wilcox ",30.8
"556",13317,"GA","Wilkes ",20.3
"557",13319,"GA","Wilkinson ",23.3
"558",13321,"GA","Worth ",20.5
"560",15001,"HI","Hawaii ",15.6
"561",15003,"HI","Honolulu ",7.7
"562",15007,"HI","Kauai ",8.5
"563",15009,"HI","Maui ",8.6
"565",16001,"ID","Ada ",9.7
"566",16003,"ID","Adams ",13.2
"567",16005,"ID","Bannock ",13.8
"568",16007,"ID","Bear Lake ",10.7
"569",16009,"ID","Benewah ",14.7
"570",16011,"ID","Bingham ",12
"571",16013,"ID","Blaine ",7
"572",16015,"ID","Boise ",12.8
"573",16017,"ID","Bonner ",14.1
"574",16019,"ID","Bonneville ",10.6
"575",16021,"ID","Boundary ",13.5
"576",16023,"ID","Butte ",15.1
"577",16025,"ID","Camas ",9.7
"578",16027,"ID","Canyon ",11.5
"579",16029,"ID","Caribou ",8.9
"580",16031,"ID","Cassia ",13
"581",16033,"ID","Clark ",15.5
"582",16035,"ID","Clearwater ",15.5
"583",16037,"ID","Custer ",14.7
"584",16039,"ID","Elmore ",12.9
"585",16041,"ID","Franklin ",8.8
"586",16043,"ID","Fremont ",15.3
"587",16045,"ID","Gem ",13.4
"588",16047,"ID","Gooding ",13.7
"589",16049,"ID","Idaho ",16.2
"590",16051,"ID","Jefferson ",9.1
"591",16053,"ID","Jerome ",12.5
"592",16055,"ID","Kootenai ",10.3
"593",16057,"ID","Latah ",12.7
"594",16059,"ID","Lemhi ",14.7
"595",16061,"ID","Lewis ",14.2
"596",16063,"ID","Lincoln ",13.8
"597",16065,"ID","Madison ",23.9
"598",16067,"ID","Minidoka ",12.4
"599",16069,"ID","Nez Perce ",13.3
"600",16071,"ID","Oneida ",11.3
"601",16073,"ID","Owyhee ",14.7
"602",16075,"ID","Payette ",12.8
"603",16077,"ID","Power ",13.7
"604",16079,"ID","Shoshone ",18.8
"605",16081,"ID","Teton ",7.6
"606",16083,"ID","Twin Falls ",13.6
"607",16085,"ID","Valley ",8.4
"608",16087,"ID","Washington ",15.3
"610",17001,"IL","Adams ",12.3
"611",17003,"IL","Alexander ",27.6
"612",17005,"IL","Bond ",13.8
"613",17007,"IL","Boone ",9.2
"614",17009,"IL","Brown ",14.8
"615",17011,"IL","Bureau ",11.6
"616",17013,"IL","Calhoun ",11
"617",17015,"IL","Carroll ",11.4
"618",17017,"IL","Cass ",12
"619",17019,"IL","Champaign ",19.2
"620",17021,"IL","Christian ",12.5
"621",17023,"IL","Clark ",11.1
"622",17025,"IL","Clay ",14.3
"623",17027,"IL","Clinton ",8.2
"624",17029,"IL","Coles ",20
"625",17031,"IL","Cook ",13.8
"626",17033,"IL","Crawford ",11.8
"627",17035,"IL","Cumberland ",11.7
"628",17037,"IL","DeKalb ",13.1
"629",17039,"IL","De Witt ",11
"630",17041,"IL","Douglas ",9.2
"631",17043,"IL","DuPage ",6.6
"632",17045,"IL","Edgar ",13.5
"633",17047,"IL","Edwards ",11.1
"634",17049,"IL","Effingham ",9.7
"635",17051,"IL","Fayette ",14.9
"636",17053,"IL","Ford ",9.7
"637",17055,"IL","Franklin ",19.4
"638",17057,"IL","Fulton ",14.2
"639",17059,"IL","Gallatin ",20.5
"640",17061,"IL","Greene ",13.9
"641",17063,"IL","Grundy ",5.9
"642",17065,"IL","Hamilton ",12.3
"643",17067,"IL","Hancock ",11.1
"644",17069,"IL","Hardin ",20
"645",17071,"IL","Henderson ",11.3
"646",17073,"IL","Henry ",11.5
"647",17075,"IL","Iroquois ",9.9
"648",17077,"IL","Jackson ",25.7
"649",17079,"IL","Jasper ",10.2
"650",17081,"IL","Jefferson ",16.3
"651",17083,"IL","Jersey ",8.9
"652",17085,"IL","Jo Daviess ",7.8
"653",17087,"IL","Johnson ",12.2
"654",17089,"IL","Kane ",8.6
"655",17091,"IL","Kankakee ",16.2
"656",17093,"IL","Kendall ",4.2
"657",17095,"IL","Knox ",16.4
"658",17097,"IL","Lake ",8
"659",17099,"IL","La Salle ",13.6
"660",17101,"IL","Lawrence ",17.5
"661",17103,"IL","Lee ",10.1
"662",17105,"IL","Livingston ",12.6
"663",17107,"IL","Logan ",10.9
"664",17109,"IL","McDonough ",21.9
"665",17111,"IL","McHenry ",5.9
"666",17113,"IL","McLean ",14.4
"667",17115,"IL","Macon ",17.4
"668",17117,"IL","Macoupin ",12.9
"669",17119,"IL","Madison ",13.8
"670",17121,"IL","Marion ",19.5
"671",17123,"IL","Marshall ",9.5
"672",17125,"IL","Mason ",14.6
"673",17127,"IL","Massac ",17.2
"674",17129,"IL","Menard ",9
"675",17131,"IL","Mercer ",9
"676",17133,"IL","Monroe ",4.3
"677",17135,"IL","Montgomery ",14.4
"678",17137,"IL","Morgan ",15.2
"679",17139,"IL","Moultrie ",9.6
"680",17141,"IL","Ogle ",8.4
"681",17143,"IL","Peoria ",16.6
"682",17145,"IL","Perry ",17.8
"683",17147,"IL","Piatt ",7.3
"684",17149,"IL","Pike ",14.1
"685",17151,"IL","Pope ",18.6
"686",17153,"IL","Pulaski ",19.7
"687",17155,"IL","Putnam ",8.5
"688",17157,"IL","Randolph ",13.8
"689",17159,"IL","Richland ",15
"690",17161,"IL","Rock Island ",14.2
"691",17163,"IL","St. Clair ",14.8
"692",17165,"IL","Saline ",20.3
"693",17167,"IL","Sangamon ",13.1
"694",17169,"IL","Schuyler ",11.4
"695",17171,"IL","Scott ",10.3
"696",17173,"IL","Shelby ",10.2
"697",17175,"IL","Stark ",11.2
"698",17177,"IL","Stephenson ",12.7
"699",17179,"IL","Tazewell ",9.6
"700",17181,"IL","Union ",17.4
"701",17183,"IL","Vermilion ",19.3
"702",17185,"IL","Wabash ",14.4
"703",17187,"IL","Warren ",12.9
"704",17189,"IL","Washington ",7.4
"705",17191,"IL","Wayne ",13.8
"706",17193,"IL","White ",12.3
"707",17195,"IL","Whiteside ",10.5
"708",17197,"IL","Will ",6.4
"709",17199,"IL","Williamson ",14.4
"710",17201,"IL","Winnebago ",16.1
"711",17203,"IL","Woodford ",7.1
"713",18001,"IN","Adams ",11.6
"714",18003,"IN","Allen ",13.5
"715",18005,"IN","Bartholomew ",10.1
"716",18007,"IN","Benton ",11.5
"717",18009,"IN","Blackford ",14.1
"718",18011,"IN","Boone ",5.4
"719",18013,"IN","Brown ",10.1
"720",18015,"IN","Carroll ",8.8
"721",18017,"IN","Cass ",13.5
"722",18019,"IN","Clark ",11.2
"723",18021,"IN","Clay ",13.8
"724",18023,"IN","Clinton ",11.9
"725",18025,"IN","Crawford ",15.8
"726",18027,"IN","Daviess ",11.5
"727",18029,"IN","Dearborn ",9.4
"728",18031,"IN","Decatur ",11.7
"729",18033,"IN","De Kalb ",10.1
"730",18035,"IN","Delaware ",22.5
"731",18037,"IN","Dubois ",7.6
"732",18039,"IN","Elkhart ",11.5
"733",18041,"IN","Fayette ",14.5
"734",18043,"IN","Floyd ",9.5
"735",18045,"IN","Fountain ",11.2
"736",18047,"IN","Franklin ",8.6
"737",18049,"IN","Fulton ",13.6
"738",18051,"IN","Gibson ",10.6
"739",18053,"IN","Grant ",19.9
"740",18055,"IN","Greene ",14
"741",18057,"IN","Hamilton ",4.2
"742",18059,"IN","Hancock ",5.6
"743",18061,"IN","Harrison ",9.3
"744",18063,"IN","Hendricks ",5.9
"745",18065,"IN","Henry ",14.4
"746",18067,"IN","Howard ",12.3
"747",18069,"IN","Huntington ",10.1
"748",18071,"IN","Jackson ",12
"749",18073,"IN","Jasper ",9.4
"750",18075,"IN","Jay ",13
"751",18077,"IN","Jefferson ",15.5
"752",18079,"IN","Jennings ",14.8
"753",18081,"IN","Johnson ",7.7
"754",18083,"IN","Knox ",15.7
"755",18085,"IN","Kosciusko ",9
"756",18087,"IN","Lagrange ",7.8
"757",18089,"IN","Lake ",15.7
"758",18091,"IN","La Porte ",15.7
"759",18093,"IN","Lawrence ",12.5
"760",18095,"IN","Madison ",17
"761",18097,"IN","Marion ",17.2
"762",18099,"IN","Marshall ",11.5
"763",18101,"IN","Martin ",11.8
"764",18103,"IN","Miami ",16.1
"765",18105,"IN","Monroe ",21.4
"766",18107,"IN","Montgomery ",10.8
"767",18109,"IN","Morgan ",10.6
"768",18111,"IN","Newton ",10.3
"769",18113,"IN","Noble ",9.1
"770",18115,"IN","Ohio ",9.7
"771",18117,"IN","Orange ",15.6
"772",18119,"IN","Owen ",12.6
"773",18121,"IN","Parke ",15.7
"774",18123,"IN","Perry ",12.4
"775",18125,"IN","Pike ",11.1
"776",18127,"IN","Porter ",8.9
"777",18129,"IN","Posey ",9.2
"778",18131,"IN","Pulaski ",12.2
"779",18133,"IN","Putnam ",12.2
"780",18135,"IN","Randolph ",13.6
"781",18137,"IN","Ripley ",11.1
"782",18139,"IN","Rush ",10.7
"783",18141,"IN","St. Joseph ",13.5
"784",18143,"IN","Scott ",15.5
"785",18145,"IN","Shelby ",11.6
"786",18147,"IN","Spencer ",9.2
"787",18149,"IN","Starke ",11
"788",18151,"IN","Steuben ",11
"789",18153,"IN","Sullivan ",13.7
"790",18155,"IN","Switzerland ",17.7
"791",18157,"IN","Tippecanoe ",18.1
"792",18159,"IN","Tipton ",8.4
"793",18161,"IN","Union ",10.7
"794",18163,"IN","Vanderburgh ",15.1
"795",18165,"IN","Vermillion ",15.2
"796",18167,"IN","Vigo ",19.2
"797",18169,"IN","Wabash ",12.4
"798",18171,"IN","Warren ",9.8
"799",18173,"IN","Warrick ",7.1
"800",18175,"IN","Washington ",13.4
"801",18177,"IN","Wayne ",16
"802",18179,"IN","Wells ",8.5
"803",18181,"IN","White ",8.5
"804",18183,"IN","Whitley ",7.1
"806",19001,"IA","Adair ",9.7
"807",19003,"IA","Adams ",12.7
"808",19005,"IA","Allamakee ",11.7
"809",19007,"IA","Appanoose ",15.2
"810",19009,"IA","Audubon ",11
"811",19011,"IA","Benton ",7.9
"812",19013,"IA","Black Hawk ",16.3
"813",19015,"IA","Boone ",8.8
"814",19017,"IA","Bremer ",6.6
"815",19019,"IA","Buchanan ",10.6
"816",19021,"IA","Buena Vista ",10.2
"817",19023,"IA","Butler ",9
"818",19025,"IA","Calhoun ",11.3
"819",19027,"IA","Carroll ",8
"820",19029,"IA","Cass ",12.6
"821",19031,"IA","Cedar ",7.6
"822",19033,"IA","Cerro Gordo ",10.4
"823",19035,"IA","Cherokee ",9.4
"824",19037,"IA","Chickasaw ",8.6
"825",19039,"IA","Clarke ",11.2
"826",19041,"IA","Clay ",9.7
"827",19043,"IA","Clayton ",9.4
"828",19045,"IA","Clinton ",12.5
"829",19047,"IA","Crawford ",12.3
"830",19049,"IA","Dallas ",5.2
"831",19051,"IA","Davis ",12.7
"832",19053,"IA","Decatur ",20.3
"833",19055,"IA","Delaware ",9
"834",19057,"IA","Des Moines ",12.7
"835",19059,"IA","Dickinson ",7.8
"836",19061,"IA","Dubuque ",11.3
"837",19063,"IA","Emmet ",11.2
"838",19065,"IA","Fayette ",11.7
"839",19067,"IA","Floyd ",11.4
"840",19069,"IA","Franklin ",9.9
"841",19071,"IA","Fremont ",10
"842",19073,"IA","Greene ",12.1
"843",19075,"IA","Grundy ",6.8
"844",19077,"IA","Guthrie ",11.4
"845",19079,"IA","Hamilton ",8.4
"846",19081,"IA","Hancock ",8.5
"847",19083,"IA","Hardin ",9.9
"848",19085,"IA","Harrison ",9.7
"849",19087,"IA","Henry ",11
"850",19089,"IA","Howard ",10.2
"851",19091,"IA","Humboldt ",9.7
"852",19093,"IA","Ida ",10.3
"853",19095,"IA","Iowa ",7.4
"854",19097,"IA","Jackson ",11.1
"855",19099,"IA","Jasper ",10.2
"856",19101,"IA","Jefferson ",16.3
"857",19103,"IA","Johnson ",15.8
"858",19105,"IA","Jones ",11.4
"859",19107,"IA","Keokuk ",12.5
"860",19109,"IA","Kossuth ",10.1
"861",19111,"IA","Lee ",14.6
"862",19113,"IA","Linn ",9.4
"863",19115,"IA","Louisa ",10.7
"864",19117,"IA","Lucas ",15.1
"865",19119,"IA","Lyon ",6.9
"866",19121,"IA","Madison ",7
"867",19123,"IA","Mahaska ",12.4
"868",19125,"IA","Marion ",9.2
"869",19127,"IA","Marshall ",11.3
"870",19129,"IA","Mills ",8.6
"871",19131,"IA","Mitchell ",9.2
"872",19133,"IA","Monona ",13.9
"873",19135,"IA","Monroe ",11.6
"874",19137,"IA","Montgomery ",13.9
"875",19139,"IA","Muscatine ",11.8
"876",19141,"IA","O'Brien ",9.1
"877",19143,"IA","Osceola ",9.4
"878",19145,"IA","Page ",13.5
"879",19147,"IA","Palo Alto ",9.7
"880",19149,"IA","Plymouth ",8.1
"881",19151,"IA","Pocahontas ",11.1
"882",19153,"IA","Polk ",9.9
"883",19155,"IA","Pottawattamie ",11.8
"884",19157,"IA","Poweshiek ",10.6
"885",19159,"IA","Ringgold ",14.3
"886",19161,"IA","Sac ",11.2
"887",19163,"IA","Scott ",12.4
"888",19165,"IA","Shelby ",7.9
"889",19167,"IA","Sioux ",6.3
"890",19169,"IA","Story ",18.9
"891",19171,"IA","Tama ",11.4
"892",19173,"IA","Taylor ",12.8
"893",19175,"IA","Union ",13.4
"894",19177,"IA","Van Buren ",13.1
"895",19179,"IA","Wapello ",14.7
"896",19181,"IA","Warren ",7.1
"897",19183,"IA","Washington ",8.8
"898",19185,"IA","Wayne ",13
"899",19187,"IA","Webster ",13.7
"900",19189,"IA","Winnebago ",9.1
"901",19191,"IA","Winneshiek ",9.8
"902",19193,"IA","Woodbury ",13.8
"903",19195,"IA","Worth ",9.8
"904",19197,"IA","Wright ",10.6
"906",20001,"KS","Allen ",18.9
"907",20003,"KS","Anderson ",13.1
"908",20005,"KS","Atchison ",15.5
"909",20007,"KS","Barber ",12.8
"910",20009,"KS","Barton ",14.5
"911",20011,"KS","Bourbon ",16
"912",20013,"KS","Brown ",13.3
"913",20015,"KS","Butler ",9.6
"914",20017,"KS","Chase ",10.3
"915",20019,"KS","Chautauqua ",17.2
"916",20021,"KS","Cherokee ",16.5
"917",20023,"KS","Cheyenne ",12.4
"918",20025,"KS","Clark ",13.1
"919",20027,"KS","Clay ",10.7
"920",20029,"KS","Cloud ",16
"921",20031,"KS","Coffey ",10.7
"922",20033,"KS","Comanche ",11.2
"923",20035,"KS","Cowley ",15.4
"924",20037,"KS","Crawford ",17.7
"925",20039,"KS","Decatur ",13.6
"926",20041,"KS","Dickinson ",10.9
"927",20043,"KS","Doniphan ",13.3
"928",20045,"KS","Douglas ",17
"929",20047,"KS","Edwards ",11.3
"930",20049,"KS","Elk ",17.7
"931",20051,"KS","Ellis ",12
"932",20053,"KS","Ellsworth ",11.9
"933",20055,"KS","Finney ",13.2
"934",20057,"KS","Ford ",11.6
"935",20059,"KS","Franklin ",9.3
"936",20061,"KS","Geary ",10.3
"937",20063,"KS","Gove ",11.4
"938",20065,"KS","Graham ",12.5
"939",20067,"KS","Grant ",10.9
"940",20069,"KS","Gray ",7.5
"941",20071,"KS","Greeley ",11.3
"942",20073,"KS","Greenwood ",14.5
"943",20075,"KS","Hamilton ",14.1
"944",20077,"KS","Harper ",14.3
"945",20079,"KS","Harvey ",10.4
"946",20081,"KS","Haskell ",10.5
"947",20083,"KS","Hodgeman ",11.7
"948",20085,"KS","Jackson ",10.5
"949",20087,"KS","Jefferson ",7.6
"950",20089,"KS","Jewell ",15
"951",20091,"KS","Johnson ",5.5
"952",20093,"KS","Kearny ",12.4
"953",20095,"KS","Kingman ",11.1
"954",20097,"KS","Kiowa ",12.1
"955",20099,"KS","Labette ",16
"956",20101,"KS","Lane ",10.3
"957",20103,"KS","Leavenworth ",10.6
"958",20105,"KS","Lincoln ",12.7
"959",20107,"KS","Linn ",12.9
"960",20109,"KS","Logan ",9.1
"961",20111,"KS","Lyon ",16.1
"962",20113,"KS","McPherson ",10.5
"963",20115,"KS","Marion ",9.6
"964",20117,"KS","Marshall ",11.2
"965",20119,"KS","Meade ",9.4
"966",20121,"KS","Miami ",7.9
"967",20123,"KS","Mitchell ",11.4
"968",20125,"KS","Montgomery ",19.5
"969",20127,"KS","Morris ",11.4
"970",20129,"KS","Morton ",11.1
"971",20131,"KS","Nemaha ",9.1
"972",20133,"KS","Neosho ",14.8
"973",20135,"KS","Ness ",10.5
"974",20137,"KS","Norton ",14.6
"975",20139,"KS","Osage ",12.5
"976",20141,"KS","Osborne ",12.9
"977",20143,"KS","Ottawa ",10.2
"978",20145,"KS","Pawnee ",14.2
"979",20147,"KS","Phillips ",12.4
"980",20149,"KS","Pottawatomie ",8
"981",20151,"KS","Pratt ",12
"982",20153,"KS","Rawlins ",12.9
"983",20155,"KS","Reno ",12.3
"984",20157,"KS","Republic ",11
"985",20159,"KS","Rice ",13.8
"986",20161,"KS","Riley ",20.7
"987",20163,"KS","Rooks ",11.2
"988",20165,"KS","Rush ",13.8
"989",20167,"KS","Russell ",13.7
"990",20169,"KS","Saline ",11
"991",20171,"KS","Scott ",7.8
"992",20173,"KS","Sedgwick ",13.4
"993",20175,"KS","Seward ",15.1
"994",20177,"KS","Shawnee ",13.9
"995",20179,"KS","Sheridan ",11.9
"996",20181,"KS","Sherman ",13.7
"997",20183,"KS","Smith ",12.2
"998",20185,"KS","Stafford ",13.4
"999",20187,"KS","Stanton ",11.5
"1000",20189,"KS","Stevens ",10.7
"1001",20191,"KS","Sumner ",13.4
"1002",20193,"KS","Thomas ",9.9
"1003",20195,"KS","Trego ",11.6
"1004",20197,"KS","Wabaunsee ",8.1
"1005",20199,"KS","Wallace ",13.1
"1006",20201,"KS","Washington ",12.4
"1007",20203,"KS","Wichita ",11.9
"1008",20205,"KS","Wilson ",15.4
"1009",20207,"KS","Woodson ",16.1
"1010",20209,"KS","Wyandotte ",18.4
"1012",21001,"KY","Adair ",23.8
"1013",21003,"KY","Allen ",17.3
"1014",21005,"KY","Anderson ",10
"1015",21007,"KY","Ballard ",15.3
"1016",21009,"KY","Barren ",19.2
"1017",21011,"KY","Bath ",20.4
"1018",21013,"KY","Bell ",31.3
"1019",21015,"KY","Boone ",6.4
"1020",21017,"KY","Bourbon ",16.5
"1021",21019,"KY","Boyd ",18.3
"1022",21021,"KY","Boyle ",14.8
"1023",21023,"KY","Bracken ",11.3
"1024",21025,"KY","Breathitt ",32.5
"1025",21027,"KY","Breckinridge ",18.8
"1026",21029,"KY","Bullitt ",9.5
"1027",21031,"KY","Butler ",17.7
"1028",21033,"KY","Caldwell ",18
"1029",21035,"KY","Calloway ",21.3
"1030",21037,"KY","Campbell ",13.1
"1031",21039,"KY","Carlisle ",17.2
"1032",21041,"KY","Carroll ",15.6
"1033",21043,"KY","Carter ",31.1
"1034",21045,"KY","Casey ",26
"1035",21047,"KY","Christian ",18.2
"1036",21049,"KY","Clark ",16
"1037",21051,"KY","Clay ",38.2
"1038",21053,"KY","Clinton ",25.7
"1039",21055,"KY","Crittenden ",17.8
"1040",21057,"KY","Cumberland ",23.3
"1041",21059,"KY","Daviess ",15.3
"1042",21061,"KY","Edmonson ",17.4
"1043",21063,"KY","Elliott ",25.2
"1044",21065,"KY","Estill ",25.3
"1045",21067,"KY","Fayette ",14.6
"1046",21069,"KY","Fleming ",18.6
"1047",21071,"KY","Floyd ",34.2
"1048",21073,"KY","Franklin ",12.9
"1049",21075,"KY","Fulton ",30.2
"1050",21077,"KY","Gallatin ",15.1
"1051",21079,"KY","Garrard ",16.1
"1052",21081,"KY","Grant ",13.9
"1053",21083,"KY","Graves ",16.9
"1054",21085,"KY","Grayson ",21.4
"1055",21087,"KY","Green ",18
"1056",21089,"KY","Greenup ",16.6
"1057",21091,"KY","Hancock ",12
"1058",21093,"KY","Hardin ",13.4
"1059",21095,"KY","Harlan ",33.4
"1060",21097,"KY","Harrison ",15.5
"1061",21099,"KY","Hart ",22.2
"1062",21101,"KY","Henderson ",16.3
"1063",21103,"KY","Henry ",14.3
"1064",21105,"KY","Hickman ",17.7
"1065",21107,"KY","Hopkins ",18.1
"1066",21109,"KY","Jackson ",26.5
"1067",21111,"KY","Jefferson ",15.4
"1068",21113,"KY","Jessamine ",12.6
"1069",21115,"KY","Johnson ",25
"1070",21117,"KY","Kenton ",10.4
"1071",21119,"KY","Knott ",32.1
"1072",21121,"KY","Knox ",31.9
"1073",21123,"KY","Larue ",15.3
"1074",21125,"KY","Laurel ",20.6
"1075",21127,"KY","Lawrence ",25.5
"1076",21129,"KY","Lee ",34.4
"1077",21131,"KY","Leslie ",30.8
"1078",21133,"KY","Letcher ",31.1
"1079",21135,"KY","Lewis ",25.2
"1080",21137,"KY","Lincoln ",20.6
"1081",21139,"KY","Livingston ",13.9
"1082",21141,"KY","Logan ",18
"1083",21143,"KY","Lyon ",14.5
"1084",21145,"KY","McCracken ",14.7
"1085",21147,"KY","McCreary ",33.7
"1086",21149,"KY","McLean ",13.9
"1087",21151,"KY","Madison ",16.5
"1088",21153,"KY","Magoffin ",28.4
"1089",21155,"KY","Marion ",17.1
"1090",21157,"KY","Marshall ",12.1
"1091",21159,"KY","Martin ",39.1
"1092",21161,"KY","Mason ",18.2
"1093",21163,"KY","Meade ",11.4
"1094",21165,"KY","Menifee ",26.4
"1095",21167,"KY","Mercer ",12.8
"1096",21169,"KY","Metcalfe ",23.3
"1097",21171,"KY","Monroe ",23
"1098",21173,"KY","Montgomery ",15.3
"1099",21175,"KY","Morgan ",27.3
"1100",21177,"KY","Muhlenberg ",17.4
"1101",21179,"KY","Nelson ",12.2
"1102",21181,"KY","Nicholas ",15.5
"1103",21183,"KY","Ohio ",17.2
"1104",21185,"KY","Oldham ",5.6
"1105",21187,"KY","Owen ",15.8
"1106",21189,"KY","Owsley ",39.2
"1107",21191,"KY","Pendleton ",15.5
"1108",21193,"KY","Perry ",28.9
"1109",21195,"KY","Pike ",23.8
"1110",21197,"KY","Powell ",22
"1111",21199,"KY","Pulaski ",19.5
"1112",21201,"KY","Robertson ",19.1
"1113",21203,"KY","Rockcastle ",22.8
"1114",21205,"KY","Rowan ",22.7
"1115",21207,"KY","Russell ",21.6
"1116",21209,"KY","Scott ",8.3
"1117",21211,"KY","Shelby ",10
"1118",21213,"KY","Simpson ",12.5
"1119",21215,"KY","Spencer ",7.3
"1120",21217,"KY","Taylor ",19.2
"1121",21219,"KY","Todd ",17.1
"1122",21221,"KY","Trigg ",13.1
"1123",21223,"KY","Trimble ",16.5
"1124",21225,"KY","Union ",16.3
"1125",21227,"KY","Warren ",16.5
"1126",21229,"KY","Washington ",13.8
"1127",21231,"KY","Wayne ",28.1
"1128",21233,"KY","Webster ",18.4
"1129",21235,"KY","Whitley ",25.7
"1130",21237,"KY","Wolfe ",31.4
"1131",21239,"KY","Woodford ",9.4
"1198",23001,"ME","Androscoggin ",12.3
"1199",23003,"ME","Aroostook ",15.3
"1200",23005,"ME","Cumberland ",8.2
"1201",23007,"ME","Franklin ",14.5
"1202",23009,"ME","Hancock ",11.6
"1203",23011,"ME","Kennebec ",11.2
"1204",23013,"ME","Knox ",11
"1205",23015,"ME","Lincoln ",11.1
"1206",23017,"ME","Oxford ",16.7
"1207",23019,"ME","Penobscot ",14.7
"1208",23021,"ME","Piscataquis ",17.5
"1209",23023,"ME","Sagadahoc ",8.7
"1210",23025,"ME","Somerset ",16.1
"1211",23027,"ME","Waldo ",13.7
"1212",23029,"ME","Washington ",18.3
"1213",23031,"ME","York ",9
"1215",24001,"MD","Allegany ",16.7
"1216",24003,"MD","Anne Arundel ",7
"1217",24005,"MD","Baltimore ",9.9
"1218",24009,"MD","Calvert ",5.4
"1219",24011,"MD","Caroline ",13.2
"1220",24013,"MD","Carroll ",6
"1221",24015,"MD","Cecil ",8.3
"1222",24017,"MD","Charles ",6.6
"1223",24019,"MD","Dorchester ",15.4
"1224",24021,"MD","Frederick ",6.2
"1225",24023,"MD","Garrett ",12.2
"1226",24025,"MD","Harford ",7
"1227",24027,"MD","Howard ",5.2
"1228",24029,"MD","Kent ",12.9
"1229",24031,"MD","Montgomery ",6.9
"1230",24033,"MD","Prince George's ",8.3
"1231",24035,"MD","Queen Anne's ",6.5
"1232",24037,"MD","St. Mary's ",8
"1233",24039,"MD","Somerset ",23.4
"1234",24041,"MD","Talbot ",9.2
"1235",24043,"MD","Washington ",11.1
"1236",24045,"MD","Wicomico ",14.6
"1237",24047,"MD","Worcester ",10.4
"1240",25001,"MA","Barnstable ",8
"1241",25003,"MA","Berkshire ",11.3
"1242",25005,"MA","Bristol ",10.8
"1243",25007,"MA","Dukes ",7.7
"1244",25009,"MA","Essex ",10.7
"1245",25011,"MA","Franklin ",10.6
"1246",25013,"MA","Hampden ",16.7
"1247",25015,"MA","Hampshire ",11.1
"1248",25017,"MA","Middlesex ",7.3
"1249",25019,"MA","Nantucket ",5.9
"1250",25021,"MA","Norfolk ",6.5
"1251",25023,"MA","Plymouth ",6.2
"1252",25025,"MA","Suffolk ",17.5
"1253",25027,"MA","Worcester ",9
"1255",26001,"MI","Alcona ",19.5
"1256",26003,"MI","Alger ",12.6
"1257",26005,"MI","Allegan ",10.7
"1258",26007,"MI","Alpena ",15.3
"1259",26009,"MI","Antrim ",10.6
"1260",26011,"MI","Arenac ",15.9
"1261",26013,"MI","Baraga ",15.4
"1262",26015,"MI","Barry ",8.5
"1263",26017,"MI","Bay ",15.6
"1264",26019,"MI","Benzie ",10.3
"1265",26021,"MI","Berrien ",15.3
"1266",26023,"MI","Branch ",14.5
"1267",26025,"MI","Calhoun ",17.3
"1268",26027,"MI","Cass ",11.2
"1269",26029,"MI","Charlevoix ",10.6
"1270",26031,"MI","Cheboygan ",13.4
"1271",26033,"MI","Chippewa ",17.1
"1272",26035,"MI","Clare ",20.6
"1273",26037,"MI","Clinton ",7.5
"1274",26039,"MI","Crawford ",13.6
"1275",26041,"MI","Delta ",12.4
"1276",26043,"MI","Dickinson ",10.8
"1277",26045,"MI","Eaton ",9.3
"1278",26047,"MI","Emmet ",8.3
"1279",26049,"MI","Genesee ",18.8
"1280",26051,"MI","Gladwin ",15.6
"1281",26053,"MI","Gogebic ",17.5
"1282",26055,"MI","Grand Traverse ",9.5
"1283",26057,"MI","Gratiot ",16.2
"1284",26059,"MI","Hillsdale ",13.5
"1285",26061,"MI","Houghton ",19
"1286",26063,"MI","Huron ",12.6
"1287",26065,"MI","Ingham ",18.1
"1288",26067,"MI","Ionia ",9.9
"1289",26069,"MI","Iosco ",15.1
"1290",26071,"MI","Iron ",14.2
"1291",26073,"MI","Isabella ",23.4
"1292",26075,"MI","Jackson ",13.7
"1293",26077,"MI","Kalamazoo ",14.4
"1294",26079,"MI","Kalkaska ",14.1
"1295",26081,"MI","Kent ",11.3
"1296",26083,"MI","Keweenaw ",12
"1297",26085,"MI","Lake ",22.3
"1298",26087,"MI","Lapeer ",10.1
"1299",26089,"MI","Leelanau ",7
"1300",26091,"MI","Lenawee ",10.4
"1301",26093,"MI","Livingston ",5
"1302",26095,"MI","Luce ",20.7
"1303",26097,"MI","Mackinac ",13.4
"1304",26099,"MI","Macomb ",11
"1305",26101,"MI","Manistee ",13.1
"1306",26103,"MI","Marquette ",14.1
"1307",26105,"MI","Mason ",12.1
"1308",26107,"MI","Mecosta ",18.4
"1309",26109,"MI","Menominee ",12.4
"1310",26111,"MI","Midland ",11.3
"1311",26113,"MI","Missaukee ",12.9
"1312",26115,"MI","Monroe ",10
"1313",26117,"MI","Montcalm ",14.3
"1314",26119,"MI","Montmorency ",18.2
"1315",26121,"MI","Muskegon ",15.7
"1316",26123,"MI","Newaygo ",15.6
"1317",26125,"MI","Oakland ",8.2
"1318",26127,"MI","Oceana ",15.5
"1319",26129,"MI","Ogemaw ",15.9
"1320",26131,"MI","Ontonagon ",14.1
"1321",26133,"MI","Osceola ",17.6
"1322",26135,"MI","Oscoda ",17.1
"1323",26137,"MI","Otsego ",11.4
"1324",26139,"MI","Ottawa ",6.8
"1325",26141,"MI","Presque Isle ",14.2
"1326",26143,"MI","Roscommon ",17.1
"1327",26145,"MI","Saginaw ",17
"1328",26147,"MI","St. Clair ",13.8
"1329",26149,"MI","St. Joseph ",13.6
"1330",26151,"MI","Sanilac ",15.9
"1331",26153,"MI","Schoolcraft ",13.2
"1332",26155,"MI","Shiawassee ",10.8
"1333",26157,"MI","Tuscola ",12.7
"1334",26159,"MI","Van Buren ",15.3
"1335",26161,"MI","Washtenaw ",15
"1336",26163,"MI","Wayne ",21.7
"1337",26165,"MI","Wexford ",13.1
"1339",27001,"MN","Aitkin ",13.7
"1340",27003,"MN","Anoka ",5.6
"1341",27005,"MN","Becker ",11.1
"1342",27007,"MN","Beltrami ",18.4
"1343",27009,"MN","Benton ",10.2
"1344",27011,"MN","Big Stone ",11.3
"1345",27013,"MN","Blue Earth ",15.1
"1346",27015,"MN","Brown ",8.4
"1347",27017,"MN","Carlton ",10.1
"1348",27019,"MN","Carver ",3.8
"1349",27021,"MN","Cass ",12.9
"1350",27023,"MN","Chippewa ",8.8
"1351",27025,"MN","Chisago ",6.4
"1352",27027,"MN","Clay ",11.8
"1353",27029,"MN","Clearwater ",12.8
"1354",27031,"MN","Cook ",9.6
"1355",27033,"MN","Cottonwood ",10.4
"1356",27035,"MN","Crow Wing ",12.6
"1357",27037,"MN","Dakota ",6.3
"1358",27039,"MN","Dodge ",6.1
"1359",27041,"MN","Douglas ",8.8
"1360",27043,"MN","Faribault ",11.7
"1361",27045,"MN","Fillmore ",9.9
"1362",27047,"MN","Freeborn ",9.9
"1363",27049,"MN","Goodhue ",7.1
"1364",27051,"MN","Grant ",9.9
"1365",27053,"MN","Hennepin ",10.3
"1366",27055,"MN","Houston ",8.5
"1367",27057,"MN","Hubbard ",12
"1368",27059,"MN","Isanti ",7.6
"1369",27061,"MN","Itasca ",11.8
"1370",27063,"MN","Jackson ",8.8
"1371",27065,"MN","Kanabec ",11.3
"1372",27067,"MN","Kandiyohi ",11.5
"1373",27069,"MN","Kittson ",10
"1374",27071,"MN","Koochiching ",14.9
"1375",27073,"MN","Lac qui Parle ",9.5
"1376",27075,"MN","Lake ",8.6
"1377",27077,"MN","Lake of the Woods ",10.4
"1378",27079,"MN","Le Sueur ",7.8
"1379",27081,"MN","Lincoln ",10.1
"1380",27083,"MN","Lyon ",12.1
"1381",27085,"MN","McLeod ",7.1
"1382",27087,"MN","Mahnomen ",20.9
"1383",27089,"MN","Marshall ",8.2
"1384",27091,"MN","Martin ",13.7
"1385",27093,"MN","Meeker ",7.5
"1386",27095,"MN","Mille Lacs ",12.4
"1387",27097,"MN","Morrison ",10.1
"1388",27099,"MN","Mower ",11.6
"1389",27101,"MN","Murray ",8.2
"1390",27103,"MN","Nicollet ",8.7
"1391",27105,"MN","Nobles ",10.8
"1392",27107,"MN","Norman ",10.9
"1393",27109,"MN","Olmsted ",7.1
"1394",27111,"MN","Otter Tail ",10.3
"1395",27113,"MN","Pennington ",9.2
"1396",27115,"MN","Pine ",12
"1397",27117,"MN","Pipestone ",10.4
"1398",27119,"MN","Polk ",12
"1399",27121,"MN","Pope ",8.4
"1400",27123,"MN","Ramsey ",14.6
"1401",27125,"MN","Red Lake ",10.7
"1402",27127,"MN","Redwood ",9.4
"1403",27129,"MN","Renville ",10.5
"1404",27131,"MN","Rice ",9.6
"1405",27133,"MN","Rock ",8.9
"1406",27135,"MN","Roseau ",8.5
"1407",27137,"MN","St. Louis ",14.7
"1408",27139,"MN","Scott ",5.2
"1409",27141,"MN","Sherburne ",6.5
"1410",27143,"MN","Sibley ",7.1
"1411",27145,"MN","Stearns ",12.4
"1412",27147,"MN","Steele ",9.6
"1413",27149,"MN","Stevens ",11.2
"1414",27151,"MN","Swift ",10.2
"1415",27153,"MN","Todd ",12.4
"1416",27155,"MN","Traverse ",13.1
"1417",27157,"MN","Wabasha ",7.4
"1418",27159,"MN","Wadena ",14.4
"1419",27161,"MN","Waseca ",9.2
"1420",27163,"MN","Washington ",4.2
"1421",27165,"MN","Watonwan ",10.7
"1422",27167,"MN","Wilkin ",9.4
"1423",27169,"MN","Winona ",13
"1424",27171,"MN","Wright ",4.9
"1425",27173,"MN","Yellow Medicine ",11.7
"1427",28001,"MS","Adams ",29.4
"1428",28003,"MS","Alcorn ",18.2
"1429",28005,"MS","Amite ",22.2
"1430",28007,"MS","Attala ",23.7
"1431",28009,"MS","Benton ",22.1
"1432",28011,"MS","Bolivar ",29.4
"1433",28013,"MS","Calhoun ",21.3
"1434",28015,"MS","Carroll ",17.9
"1435",28017,"MS","Chickasaw ",20.3
"1436",28019,"MS","Choctaw ",20.4
"1437",28021,"MS","Claiborne ",36.3
"1438",28023,"MS","Clarke ",21.6
"1439",28025,"MS","Clay ",21.9
"1440",28027,"MS","Coahoma ",35.9
"1441",28029,"MS","Copiah ",26.5
"1442",28031,"MS","Covington ",26.5
"1443",28033,"MS","DeSoto ",9
"1444",28035,"MS","Forrest ",24
"1445",28037,"MS","Franklin ",20.1
"1446",28039,"MS","George ",16.1
"1447",28041,"MS","Greene ",22.6
"1448",28043,"MS","Grenada ",22.3
"1449",28045,"MS","Hancock ",17.5
"1450",28047,"MS","Harrison ",20
"1451",28049,"MS","Hinds ",19.4
"1452",28051,"MS","Holmes ",33.2
"1453",28053,"MS","Humphreys ",37
"1454",28055,"MS","Issaquena ",40.5
"1455",28057,"MS","Itawamba ",13.7
"1456",28059,"MS","Jackson ",17.9
"1457",28061,"MS","Jasper ",19
"1458",28063,"MS","Jefferson ",35.5
"1459",28065,"MS","Jefferson Davis ",26
"1460",28067,"MS","Jones ",19.9
"1461",28069,"MS","Kemper ",27.5
"1462",28071,"MS","Lafayette ",18
"1463",28073,"MS","Lamar ",14
"1464",28075,"MS","Lauderdale ",25.5
"1465",28077,"MS","Lawrence ",18.7
"1466",28079,"MS","Leake ",25.4
"1467",28081,"MS","Lee ",13.1
"1468",28083,"MS","Leflore ",35.1
"1469",28085,"MS","Lincoln ",19.1
"1470",28087,"MS","Lowndes ",23.1
"1471",28089,"MS","Madison ",9.4
"1472",28091,"MS","Marion ",27.2
"1473",28093,"MS","Marshall ",20.9
"1474",28095,"MS","Monroe ",16.4
"1475",28097,"MS","Montgomery ",22.9
"1476",28099,"MS","Neshoba ",26.9
"1477",28101,"MS","Newton ",21.2
"1478",28103,"MS","Noxubee ",29
"1479",28105,"MS","Oktibbeha ",27.3
"1480",28107,"MS","Panola ",21.8
"1481",28109,"MS","Pearl River ",18.1
"1482",28111,"MS","Perry ",22
"1483",28113,"MS","Pike ",30.6
"1484",28115,"MS","Pontotoc ",16.5
"1485",28117,"MS","Prentiss ",19.8
"1486",28119,"MS","Quitman ",37.6
"1487",28121,"MS","Rankin ",9.6
"1488",28123,"MS","Scott ",25.5
"1489",28125,"MS","Sharkey ",33.6
"1490",28127,"MS","Simpson ",19.8
"1491",28129,"MS","Smith ",16.8
"1492",28131,"MS","Stone ",20.1
"1493",28133,"MS","Sunflower ",32.6
"1494",28135,"MS","Tallahatchie ",33.4
"1495",28137,"MS","Tate ",17.6
"1496",28139,"MS","Tippah ",16.9
"1497",28141,"MS","Tishomingo ",15.2
"1498",28143,"MS","Tunica ",26.5
"1499",28145,"MS","Union ",13.4
"1500",28147,"MS","Walthall ",23.4
"1501",28149,"MS","Warren ",19.2
"1502",28151,"MS","Washington ",32.6
"1503",28153,"MS","Wayne ",21.4
"1504",28155,"MS","Webster ",18.1
"1505",28157,"MS","Wilkinson ",30.3
"1506",28159,"MS","Winston ",21
"1507",28161,"MS","Yalobusha ",18.1
"1508",28163,"MS","Yazoo ",37.1
"1510",29001,"MO","Adair ",23.9
"1511",29003,"MO","Andrew ",8.2
"1512",29005,"MO","Atchison ",11.8
"1513",29007,"MO","Audrain ",16.7
"1514",29009,"MO","Barry ",18.8
"1515",29011,"MO","Barton ",17.6
"1516",29013,"MO","Bates ",14.2
"1517",29015,"MO","Benton ",20.2
"1518",29017,"MO","Bollinger ",15.6
"1519",29019,"MO","Boone ",16.8
"1520",29021,"MO","Buchanan ",15.6
"1521",29023,"MO","Butler ",20.5
"1522",29025,"MO","Caldwell ",14.4
"1523",29027,"MO","Callaway ",11.7
"1524",29029,"MO","Camden ",12.6
"1525",29031,"MO","Cape Girardeau ",13.8
"1526",29033,"MO","Carroll ",12.3
"1527",29035,"MO","Carter ",22.6
"1528",29037,"MO","Cass ",8.1
"1529",29039,"MO","Cedar ",17.9
"1530",29041,"MO","Chariton ",13.4
"1531",29043,"MO","Christian ",8.6
"1532",29045,"MO","Clark ",14.9
"1533",29047,"MO","Clay ",7
"1534",29049,"MO","Clinton ",9
"1535",29051,"MO","Cole ",8.9
"1536",29053,"MO","Cooper ",14
"1537",29055,"MO","Crawford ",15.9
"1538",29057,"MO","Dade ",16.8
"1539",29059,"MO","Dallas ",16.6
"1540",29061,"MO","Daviess ",14.9
"1541",29063,"MO","DeKalb ",16
"1542",29065,"MO","Dent ",20.3
"1543",29067,"MO","Douglas ",19.7
"1544",29069,"MO","Dunklin ",26.1
"1545",29071,"MO","Franklin ",9.2
"1546",29073,"MO","Gasconade ",11.8
"1547",29075,"MO","Gentry ",15.5
"1548",29077,"MO","Greene ",15.5
"1549",29079,"MO","Grundy ",16.6
"1550",29081,"MO","Harrison ",15.5
"1551",29083,"MO","Henry ",16.8
"1552",29085,"MO","Hickory ",17.8
"1553",29087,"MO","Holt ",13.3
"1554",29089,"MO","Howard ",13.1
"1555",29091,"MO","Howell ",21.3
"1556",29093,"MO","Iron ",19.9
"1557",29095,"MO","Jackson ",13
"1558",29097,"MO","Jasper ",16.6
"1559",29099,"MO","Jefferson ",8.7
"1560",29101,"MO","Johnson ",14.1
"1561",29103,"MO","Knox ",16.6
"1562",29105,"MO","Laclede ",15.4
"1563",29107,"MO","Lafayette ",11
"1564",29109,"MO","Lawrence ",15.5
"1565",29111,"MO","Lewis ",15.4
"1566",29113,"MO","Lincoln ",10.6
"1567",29115,"MO","Linn ",16.7
"1568",29117,"MO","Livingston ",15.6
"1569",29119,"MO","McDonald ",17.9
"1570",29121,"MO","Macon ",13.9
"1571",29123,"MO","Madison ",16.6
"1572",29125,"MO","Maries ",13.9
"1573",29127,"MO","Marion ",13.5
"1574",29129,"MO","Mercer ",12.2
"1575",29131,"MO","Miller ",16.9
"1576",29133,"MO","Mississippi ",26.8
"1577",29135,"MO","Moniteau ",11.7
"1578",29137,"MO","Monroe ",13.6
"1579",29139,"MO","Montgomery ",14.3
"1580",29141,"MO","Morgan ",16.3
"1581",29143,"MO","New Madrid ",18.3
"1582",29145,"MO","Newton ",16
"1583",29147,"MO","Nodaway ",19.8
"1584",29149,"MO","Oregon ",23.8
"1585",29151,"MO","Osage ",9.2
"1586",29153,"MO","Ozark ",22
"1587",29155,"MO","Pemiscot ",29.1
"1588",29157,"MO","Perry ",10.9
"1589",29159,"MO","Pettis ",16.6
"1590",29161,"MO","Phelps ",18.1
"1591",29163,"MO","Pike ",15.9
"1592",29165,"MO","Platte ",5.8
"1593",29167,"MO","Polk ",16.2
"1594",29169,"MO","Pulaski ",15.2
"1595",29171,"MO","Putnam ",14.4
"1596",29173,"MO","Ralls ",9.1
"1597",29175,"MO","Randolph ",17.6
"1598",29177,"MO","Ray ",9.9
"1599",29179,"MO","Reynolds ",20.3
"1600",29181,"MO","Ripley ",23.5
"1601",29183,"MO","St. Charles ",5.7
"1602",29185,"MO","St. Clair ",18.2
"1603",29186,"MO","Ste. Genevieve ",9.8
"1604",29187,"MO","St. Francois ",19
"1605",29189,"MO","St. Louis ",10.5
"1606",29195,"MO","Saline ",14.8
"1607",29197,"MO","Schuyler ",16.9
"1608",29199,"MO","Scotland ",14.1
"1609",29201,"MO","Scott ",19.1
"1610",29203,"MO","Shannon ",22.6
"1611",29205,"MO","Shelby ",14.3
"1612",29207,"MO","Stoddard ",14.8
"1613",29209,"MO","Stone ",13.4
"1614",29211,"MO","Sullivan ",15.3
"1615",29213,"MO","Taney ",15.4
"1616",29215,"MO","Texas ",24.6
"1617",29217,"MO","Vernon ",17.2
"1618",29219,"MO","Warren ",10.5
"1619",29221,"MO","Washington ",21.7
"1620",29223,"MO","Wayne ",23.3
"1621",29225,"MO","Webster ",14.1
"1622",29227,"MO","Worth ",14.1
"1623",29229,"MO","Wright ",23.9
"1626",30001,"MT","Beaverhead ",13.8
"1627",30003,"MT","Big Horn ",25.6
"1628",30005,"MT","Blaine ",20.8
"1629",30007,"MT","Broadwater ",10.3
"1630",30009,"MT","Carbon ",11.7
"1631",30011,"MT","Carter ",13.7
"1632",30013,"MT","Cascade ",13.4
"1633",30015,"MT","Chouteau ",18.7
"1634",30017,"MT","Custer ",12.5
"1635",30019,"MT","Daniels ",10.1
"1636",30021,"MT","Dawson ",11.4
"1637",30023,"MT","Deer Lodge ",15.9
"1638",30025,"MT","Fallon ",9.2
"1639",30027,"MT","Fergus ",12.2
"1640",30029,"MT","Flathead ",11.2
"1641",30031,"MT","Gallatin ",9
"1642",30033,"MT","Garfield ",16.3
"1643",30035,"MT","Glacier ",27
"1644",30037,"MT","Golden Valley ",18.9
"1645",30039,"MT","Granite ",13.4
"1646",30041,"MT","Hill ",13.5
"1647",30043,"MT","Jefferson ",7.7
"1648",30045,"MT","Judith Basin ",13.3
"1649",30047,"MT","Lake ",18.2
"1650",30049,"MT","Lewis and Clark ",10.5
"1651",30051,"MT","Liberty ",19
"1652",30053,"MT","Lincoln ",20.3
"1653",30055,"MT","McCone ",14.2
"1654",30057,"MT","Madison ",9.2
"1655",30059,"MT","Meagher ",15.9
"1656",30061,"MT","Mineral ",14
"1657",30063,"MT","Missoula ",12.7
"1658",30065,"MT","Musselshell ",15
"1659",30067,"MT","Park ",10.5
"1660",30069,"MT","Petroleum ",16.2
"1661",30071,"MT","Phillips ",15.2
"1662",30073,"MT","Pondera ",17.8
"1663",30075,"MT","Powder River ",12.2
"1664",30077,"MT","Powell ",18.1
"1665",30079,"MT","Prairie ",13.5
"1666",30081,"MT","Ravalli ",15.5
"1667",30083,"MT","Richland ",8.7
"1668",30085,"MT","Roosevelt ",25.4
"1669",30087,"MT","Rosebud ",17
"1670",30089,"MT","Sanders ",16
"1671",30091,"MT","Sheridan ",10.9
"1672",30093,"MT","Silver Bow ",16.7
"1673",30095,"MT","Stillwater ",8.1
"1674",30097,"MT","Sweet Grass ",10
"1675",30099,"MT","Teton ",15.8
"1676",30101,"MT","Toole ",15.1
"1677",30103,"MT","Treasure ",11.4
"1678",30105,"MT","Valley ",13.7
"1679",30107,"MT","Wheatland ",19
"1680",30109,"MT","Wibaux ",12
"1681",30111,"MT","Yellowstone ",10.9
"1683",31001,"NE","Adams ",11.8
"1684",31003,"NE","Antelope ",12.6
"1685",31005,"NE","Arthur ",12.9
"1686",31007,"NE","Banner ",12.5
"1687",31009,"NE","Blaine ",16.2
"1688",31011,"NE","Boone ",9.2
"1689",31013,"NE","Box Butte ",13.7
"1690",31015,"NE","Boyd ",13.9
"1691",31017,"NE","Brown ",12.5
"1692",31019,"NE","Buffalo ",10.7
"1693",31021,"NE","Burt ",10.8
"1694",31023,"NE","Butler ",9.1
"1695",31025,"NE","Cass ",7.4
"1696",31027,"NE","Cedar ",8.7
"1697",31029,"NE","Chase ",9.5
"1698",31031,"NE","Cherry ",12.2
"1699",31033,"NE","Cheyenne ",11.3
"1700",31035,"NE","Clay ",11
"1701",31037,"NE","Colfax ",10.4
"1702",31039,"NE","Cuming ",8.9
"1703",31041,"NE","Custer ",12
"1704",31043,"NE","Dakota ",12.4
"1705",31045,"NE","Dawes ",17.1
"1706",31047,"NE","Dawson ",12.1
"1707",31049,"NE","Deuel ",11.8
"1708",31051,"NE","Dixon ",9.7
"1709",31053,"NE","Dodge ",9.8
"1710",31055,"NE","Douglas ",11.6
"1711",31057,"NE","Dundy ",14
"1712",31059,"NE","Fillmore ",8.9
"1713",31061,"NE","Franklin ",13.4
"1714",31063,"NE","Frontier ",14.2
"1715",31065,"NE","Furnas ",12.6
"1716",31067,"NE","Gage ",11.2
"1717",31069,"NE","Garden ",15.1
"1718",31071,"NE","Garfield ",13.1
"1719",31073,"NE","Gosper ",9.1
"1720",31075,"NE","Grant ",10.6
"1721",31077,"NE","Greeley ",12.8
"1722",31079,"NE","Hall ",13
"1723",31081,"NE","Hamilton ",6.5
"1724",31083,"NE","Harlan ",11.1
"1725",31085,"NE","Hayes ",16.2
"1726",31087,"NE","Hitchcock ",15.3
"1727",31089,"NE","Holt ",12.1
"1728",31091,"NE","Hooker ",8.3
"1729",31093,"NE","Howard ",10.2
"1730",31095,"NE","Jefferson ",11.8
"1731",31097,"NE","Johnson ",13.8
"1732",31099,"NE","Kearney ",9.2
"1733",31101,"NE","Keith ",11.9
"1734",31103,"NE","Keya Paha ",18.3
"1735",31105,"NE","Kimball ",12.5
"1736",31107,"NE","Knox ",13.4
"1737",31109,"NE","Lancaster ",12.4
"1738",31111,"NE","Lincoln ",10.1
"1739",31113,"NE","Logan ",9.3
"1740",31115,"NE","Loup ",17.1
"1741",31117,"NE","McPherson ",11.6
"1742",31119,"NE","Madison ",11.7
"1743",31121,"NE","Merrick ",10.7
"1744",31123,"NE","Morrill ",14.5
"1745",31125,"NE","Nance ",11.7
"1746",31127,"NE","Nemaha ",12.7
"1747",31129,"NE","Nuckolls ",11
"1748",31131,"NE","Otoe ",9.4
"1749",31133,"NE","Pawnee ",13.8
"1750",31135,"NE","Perkins ",10.3
"1751",31137,"NE","Phelps ",9.5
"1752",31139,"NE","Pierce ",9.8
"1753",31141,"NE","Platte ",8.5
"1754",31143,"NE","Polk ",8.5
"1755",31145,"NE","Red Willow ",11
"1756",31147,"NE","Richardson ",13
"1757",31149,"NE","Rock ",14.6
"1758",31151,"NE","Saline ",12.4
"1759",31153,"NE","Sarpy ",5.7
"1760",31155,"NE","Saunders ",7.8
"1761",31157,"NE","Scotts Bluff ",14.3
"1762",31159,"NE","Seward ",7.2
"1763",31161,"NE","Sheridan ",16.5
"1764",31163,"NE","Sherman ",14
"1765",31165,"NE","Sioux ",16.7
"1766",31167,"NE","Stanton ",7.5
"1767",31169,"NE","Thayer ",10.8
"1768",31171,"NE","Thomas ",15
"1769",31173,"NE","Thurston ",23.9
"1770",31175,"NE","Valley ",12.4
"1771",31177,"NE","Washington ",6.9
"1772",31179,"NE","Wayne ",13.9
"1773",31181,"NE","Webster ",13.2
"1774",31183,"NE","Wheeler ",14
"1775",31185,"NE","York ",9.7
"1777",32001,"NV","Churchill ",11.4
"1778",32003,"NV","Clark ",14
"1779",32005,"NV","Douglas ",7.2
"1780",32007,"NV","Elko ",8.3
"1781",32009,"NV","Esmeralda ",14.4
"1782",32011,"NV","Eureka ",9.5
"1783",32013,"NV","Humboldt ",11.9
"1784",32015,"NV","Lander ",11.1
"1785",32017,"NV","Lincoln ",13.4
"1786",32019,"NV","Lyon ",10.5
"1787",32021,"NV","Mineral ",21.1
"1788",32023,"NV","Nye ",15.2
"1789",32027,"NV","Pershing ",18.3
"1790",32029,"NV","Storey ",7.6
"1791",32031,"NV","Washoe ",10.4
"1792",32033,"NV","White Pine ",13.3
"1795",33001,"NH","Belknap ",6.9
"1796",33003,"NH","Carroll ",9
"1797",33005,"NH","Cheshire ",10.2
"1798",33007,"NH","Coos ",13.1
"1799",33009,"NH","Grafton ",9
"1800",33011,"NH","Hillsborough ",7.4
"1801",33013,"NH","Merrimack ",7
"1802",33015,"NH","Rockingham ",5.3
"1803",33017,"NH","Strafford ",9.7
"1804",33019,"NH","Sullivan ",11.2
"1806",34001,"NJ","Atlantic ",12.8
"1807",34003,"NJ","Bergen ",6.8
"1808",34005,"NJ","Burlington ",6.2
"1809",34007,"NJ","Camden ",12.9
"1810",34009,"NJ","Cape May ",10.3
"1811",34011,"NJ","Cumberland ",15.2
"1812",34013,"NJ","Essex ",14.9
"1813",34015,"NJ","Gloucester ",7.6
"1814",34017,"NJ","Hudson ",14.3
"1815",34019,"NJ","Hunterdon ",4.4
"1816",34021,"NJ","Mercer ",10.9
"1817",34023,"NJ","Middlesex ",8.2
"1818",34025,"NJ","Monmouth ",6.7
"1819",34027,"NJ","Morris ",4.7
"1820",34029,"NJ","Ocean ",9.7
"1821",34031,"NJ","Passaic ",13.6
"1822",34033,"NJ","Salem ",11.2
"1823",34035,"NJ","Somerset ",4.9
"1824",34037,"NJ","Sussex ",5.2
"1825",34039,"NJ","Union ",7.8
"1826",34041,"NJ","Warren ",6.7
"1828",35001,"NM","Bernalillo ",16.5
"1829",35003,"NM","Catron ",23.3
"1830",35005,"NM","Chaves ",18.9
"1831",35006,"NM","Cibola ",28.6
"1832",35007,"NM","Colfax ",19.8
"1833",35009,"NM","Curry ",17.2
"1834",35011,"NM","DeBaca ",20.4
"1835",35013,"NM","Dona Ana ",24.9
"1836",35015,"NM","Eddy ",15.7
"1837",35017,"NM","Grant ",20.7
"1838",35019,"NM","Guadalupe ",24.3
"1839",35021,"NM","Harding ",16.7
"1840",35023,"NM","Hidalgo ",25.7
"1841",35025,"NM","Lea ",16.1
"1842",35027,"NM","Lincoln ",16.4
"1843",35028,"NM","Los Alamos ",3.9
"1844",35029,"NM","Luna ",27.2
"1845",35031,"NM","McKinley ",32.3
"1846",35033,"NM","Mora ",23.5
"1847",35035,"NM","Otero ",20.3
"1848",35037,"NM","Quay ",24.1
"1849",35039,"NM","Rio Arriba ",22
"1850",35041,"NM","Roosevelt ",22.6
"1851",35043,"NM","Sandoval ",12.6
"1852",35045,"NM","San Juan ",23.1
"1853",35047,"NM","San Miguel ",28.2
"1854",35049,"NM","Santa Fe ",12.2
"1855",35051,"NM","Sierra ",25.7
"1856",35053,"NM","Socorro ",29.6
"1857",35055,"NM","Taos ",21.4
"1858",35057,"NM","Torrance ",25.2
"1859",35059,"NM","Union ",20.4
"1860",35061,"NM","Valencia ",17.3
"1862",36001,"NY","Albany ",11.3
"1863",36003,"NY","Allegany ",17
"1864",36005,"NY","Bronx ",27.3
"1865",36007,"NY","Broome ",17.3
"1866",36009,"NY","Cattaraugus ",17.1
"1867",36011,"NY","Cayuga ",13
"1868",36013,"NY","Chautauqua ",18.3
"1869",36015,"NY","Chemung ",13.5
"1870",36017,"NY","Chenango ",15.1
"1871",36019,"NY","Clinton ",13.2
"1872",36021,"NY","Columbia ",11.7
"1873",36023,"NY","Cortland ",16.9
"1874",36025,"NY","Delaware ",15.9
"1875",36027,"NY","Dutchess ",9.2
"1876",36029,"NY","Erie ",13.7
"1877",36031,"NY","Essex ",11.7
"1878",36033,"NY","Franklin ",16.7
"1879",36035,"NY","Fulton ",13
"1880",36037,"NY","Genesee ",9.9
"1881",36039,"NY","Greene ",13
"1882",36041,"NY","Hamilton ",9.1
"1883",36043,"NY","Herkimer ",13.5
"1884",36045,"NY","Jefferson ",12.3
"1885",36047,"NY","Kings ",18.9
"1886",36049,"NY","Lewis ",12.2
"1887",36051,"NY","Livingston ",12.5
"1888",36053,"NY","Madison ",10.8
"1889",36055,"NY","Monroe ",14.4
"1890",36057,"NY","Montgomery ",15.8
"1891",36059,"NY","Nassau ",5.8
"1892",36061,"NY","New York ",15.6
"1893",36063,"NY","Niagara ",13
"1894",36065,"NY","Oneida ",14.8
"1895",36067,"NY","Onondaga ",13.7
"1896",36069,"NY","Ontario ",8.5
"1897",36071,"NY","Orange ",11.5
"1898",36073,"NY","Orleans ",12.6
"1899",36075,"NY","Oswego ",16.1
"1900",36077,"NY","Otsego ",12.5
"1901",36079,"NY","Putnam ",6
"1902",36081,"NY","Queens ",11.6
"1903",36083,"NY","Rensselaer ",11.1
"1904",36085,"NY","Richmond ",11.7
"1905",36087,"NY","Rockland ",13.9
"1906",36089,"NY","St. Lawrence ",15.1
"1907",36091,"NY","Saratoga ",6.3
"1908",36093,"NY","Schenectady ",11.3
"1909",36095,"NY","Schoharie ",11.8
"1910",36097,"NY","Schuyler ",13.5
"1911",36099,"NY","Seneca ",12.6
"1912",36101,"NY","Steuben ",12.8
"1913",36103,"NY","Suffolk ",7.3
"1914",36105,"NY","Sullivan ",16.2
"1915",36107,"NY","Tioga ",10.2
"1916",36109,"NY","Tompkins ",16.8
"1917",36111,"NY","Ulster ",14.3
"1918",36113,"NY","Warren ",10.8
"1919",36115,"NY","Washington ",11.4
"1920",36117,"NY","Wayne ",9.6
"1921",36119,"NY","Westchester ",8.3
"1922",36121,"NY","Wyoming ",9.9
"1923",36123,"NY","Yates ",12.7
"1925",37001,"NC","Alamance ",13.5
"1926",37003,"NC","Alexander ",13
"1927",37005,"NC","Alleghany ",18.7
"1928",37007,"NC","Anson ",20.5
"1929",37009,"NC","Ashe ",16.9
"1930",37011,"NC","Avery ",16.8
"1931",37013,"NC","Beaufort ",18.1
"1932",37015,"NC","Bertie ",23.5
"1933",37017,"NC","Bladen ",29.1
"1934",37019,"NC","Brunswick ",10.5
"1935",37021,"NC","Buncombe ",11.5
"1936",37023,"NC","Burke ",14
"1937",37025,"NC","Cabarrus ",9
"1938",37027,"NC","Caldwell ",15.9
"1939",37029,"NC","Camden ",8.3
"1940",37031,"NC","Carteret ",9.8
"1941",37033,"NC","Caswell ",17.1
"1942",37035,"NC","Catawba ",13
"1943",37037,"NC","Chatham ",9.3
"1944",37039,"NC","Cherokee ",18.8
"1945",37041,"NC","Chowan ",17.2
"1946",37043,"NC","Clay ",14.6
"1947",37045,"NC","Cleveland ",19.1
"1948",37047,"NC","Columbus ",25.3
"1949",37049,"NC","Craven ",14.9
"1950",37051,"NC","Cumberland ",17
"1951",37053,"NC","Currituck ",9.7
"1952",37055,"NC","Dare ",8.3
"1953",37057,"NC","Davidson ",15
"1954",37059,"NC","Davie ",10.8
"1955",37061,"NC","Duplin ",20.4
"1956",37063,"NC","Durham ",13.5
"1957",37065,"NC","Edgecombe ",22.9
"1958",37067,"NC","Forsyth ",16.4
"1959",37069,"NC","Franklin ",12.7
"1960",37071,"NC","Gaston ",14.2
"1961",37073,"NC","Gates ",15.2
"1962",37075,"NC","Graham ",18.9
"1963",37077,"NC","Granville ",13
"1964",37079,"NC","Greene ",23.5
"1965",37081,"NC","Guilford ",15.4
"1966",37083,"NC","Halifax ",22
"1967",37085,"NC","Harnett ",14.4
"1968",37087,"NC","Haywood ",13.1
"1969",37089,"NC","Henderson ",9.7
"1970",37091,"NC","Hertford ",23.2
"1971",37093,"NC","Hoke ",18
"1972",37095,"NC","Hyde ",22.2
"1973",37097,"NC","Iredell ",9.5
"1974",37099,"NC","Jackson ",16.7
"1975",37101,"NC","Johnston ",11.7
"1976",37103,"NC","Jones ",16.2
"1977",37105,"NC","Lee ",15.7
"1978",37107,"NC","Lenoir ",22.1
"1979",37109,"NC","Lincoln ",10.3
"1980",37111,"NC","McDowell ",15.4
"1981",37113,"NC","Macon ",16.3
"1982",37115,"NC","Madison ",17
"1983",37117,"NC","Martin ",20.3
"1984",37119,"NC","Mecklenburg ",11.7
"1985",37121,"NC","Mitchell ",16.1
"1986",37123,"NC","Montgomery ",16.7
"1987",37125,"NC","Moore ",10.5
"1988",37127,"NC","Nash ",14.2
"1989",37129,"NC","New Hanover ",15.3
"1990",37131,"NC","Northampton ",21.4
"1991",37133,"NC","Onslow ",15.1
"1992",37135,"NC","Orange ",12.4
"1993",37137,"NC","Pamlico ",16.6
"1994",37139,"NC","Pasquotank ",18.2
"1995",37141,"NC","Pender ",15.1
"1996",37143,"NC","Perquimans ",15.8
"1997",37145,"NC","Person ",14.8
"1998",37147,"NC","Pitt ",23.2
"1999",37149,"NC","Polk ",11.8
"2000",37151,"NC","Randolph ",13.8
"2001",37153,"NC","Richmond ",19.9
"2002",37155,"NC","Robeson ",24.5
"2003",37157,"NC","Rockingham ",17.9
"2004",37159,"NC","Rowan ",16.3
"2005",37161,"NC","Rutherford ",19.1
"2006",37163,"NC","Sampson ",22.8
"2007",37165,"NC","Scotland ",26.9
"2008",37167,"NC","Stanly ",13.2
"2009",37169,"NC","Stokes ",12.1
"2010",37171,"NC","Surry ",16
"2011",37173,"NC","Swain ",15.2
"2012",37175,"NC","Transylvania ",12.8
"2013",37177,"NC","Tyrrell ",25.2
"2014",37179,"NC","Union ",7
"2015",37181,"NC","Vance ",26.3
"2016",37183,"NC","Wake ",8.4
"2017",37185,"NC","Warren ",19.8
"2018",37187,"NC","Washington ",21.1
"2019",37189,"NC","Watauga ",21.2
"2020",37191,"NC","Wayne ",20.2
"2021",37193,"NC","Wilkes ",18.9
"2022",37195,"NC","Wilson ",21.1
"2023",37197,"NC","Yadkin ",13
"2024",37199,"NC","Yancey ",17.8
"2026",38001,"ND","Adams ",10.4
"2027",38003,"ND","Barnes ",12.3
"2028",38005,"ND","Benson ",30.8
"2029",38007,"ND","Billings ",9
"2030",38009,"ND","Bottineau ",11.6
"2031",38011,"ND","Bowman ",8.7
"2032",38013,"ND","Burke ",9.3
"2033",38015,"ND","Burleigh ",7.4
"2034",38017,"ND","Cass ",10.4
"2035",38019,"ND","Cavalier ",10.6
"2036",38021,"ND","Dickey ",11.1
"2037",38023,"ND","Divide ",10
"2038",38025,"ND","Dunn ",10.4
"2039",38027,"ND","Eddy ",10.6
"2040",38029,"ND","Emmons ",13.3
"2041",38031,"ND","Foster ",8.7
"2042",38033,"ND","Golden Valley ",11.2
"2043",38035,"ND","Grand Forks ",12.9
"2044",38037,"ND","Grant ",14.5
"2045",38039,"ND","Griggs ",9.2
"2046",38041,"ND","Hettinger ",12.4
"2047",38043,"ND","Kidder ",14.5
"2048",38045,"ND","LaMoure ",11.4
"2049",38047,"ND","Logan ",12.9
"2050",38049,"ND","McHenry ",11.9
"2051",38051,"ND","McIntosh ",13.6
"2052",38053,"ND","McKenzie ",9.2
"2053",38055,"ND","McLean ",9.2
"2054",38057,"ND","Mercer ",7.2
"2055",38059,"ND","Morton ",8.1
"2056",38061,"ND","Mountrail ",10.4
"2057",38063,"ND","Nelson ",10.8
"2058",38065,"ND","Oliver ",10.2
"2059",38067,"ND","Pembina ",10.3
"2060",38069,"ND","Pierce ",11.6
"2061",38071,"ND","Ramsey ",12.3
"2062",38073,"ND","Ransom ",8.7
"2063",38075,"ND","Renville ",8.2
"2064",38077,"ND","Richland ",11.6
"2065",38079,"ND","Rolette ",24.7
"2066",38081,"ND","Sargent ",7.8
"2067",38083,"ND","Sheridan ",16.6
"2068",38085,"ND","Sioux ",32.9
"2069",38087,"ND","Slope ",12.7
"2070",38089,"ND","Stark ",8.2
"2071",38091,"ND","Steele ",7.8
"2072",38093,"ND","Stutsman ",11.4
"2073",38095,"ND","Towner ",9.3
"2074",38097,"ND","Traill ",8.2
"2075",38099,"ND","Walsh ",10.9
"2076",38101,"ND","Ward ",10.8
"2077",38103,"ND","Wells ",11.4
"2078",38105,"ND","Williams ",6.5
"2080",39001,"OH","Adams ",19.7
"2081",39003,"OH","Allen ",14.4
"2082",39005,"OH","Ashland ",10.4
"2083",39007,"OH","Ashtabula ",17.4
"2084",39009,"OH","Athens ",30.7
"2085",39011,"OH","Auglaize ",6.9
"2086",39013,"OH","Belmont ",13
"2087",39015,"OH","Brown ",11.8
"2088",39017,"OH","Butler ",12.4
"2089",39019,"OH","Carroll ",12.9
"2090",39021,"OH","Champaign ",10
"2091",39023,"OH","Clark ",14.9
"2092",39025,"OH","Clermont ",8.2
"2093",39027,"OH","Clinton ",11.8
"2094",39029,"OH","Columbiana ",15.1
"2095",39031,"OH","Coshocton ",15.4
"2096",39033,"OH","Crawford ",14
"2097",39035,"OH","Cuyahoga ",17.9
"2098",39037,"OH","Darke ",9.5
"2099",39039,"OH","Defiance ",9.1
"2100",39041,"OH","Delaware ",4.1
"2101",39043,"OH","Erie ",10.6
"2102",39045,"OH","Fairfield ",9.3
"2103",39047,"OH","Fayette ",15.1
"2104",39049,"OH","Franklin ",15.5
"2105",39051,"OH","Fulton ",7.9
"2106",39053,"OH","Gallia ",22.1
"2107",39055,"OH","Geauga ",5.7
"2108",39057,"OH","Greene ",11.6
"2109",39059,"OH","Guernsey ",18.8
"2110",39061,"OH","Hamilton ",15.4
"2111",39063,"OH","Hancock ",9.9
"2112",39065,"OH","Hardin ",14.7
"2113",39067,"OH","Harrison ",15.3
"2114",39069,"OH","Henry ",10.8
"2115",39071,"OH","Highland ",15.4
"2116",39073,"OH","Hocking ",14.1
"2117",39075,"OH","Holmes ",9.4
"2118",39077,"OH","Huron ",11.1
"2119",39079,"OH","Jackson ",16.8
"2120",39081,"OH","Jefferson ",19
"2121",39083,"OH","Knox ",13.8
"2122",39085,"OH","Lake ",7.5
"2123",39087,"OH","Lawrence ",18.8
"2124",39089,"OH","Licking ",9.1
"2125",39091,"OH","Logan ",11.4
"2126",39093,"OH","Lorain ",14.2
"2127",39095,"OH","Lucas ",18.7
"2128",39097,"OH","Madison ",10.7
"2129",39099,"OH","Mahoning ",16.5
"2130",39101,"OH","Marion ",16.5
"2131",39103,"OH","Medina ",6.5
"2132",39105,"OH","Meigs ",17.8
"2133",39107,"OH","Mercer ",7.6
"2134",39109,"OH","Miami ",7.9
"2135",39111,"OH","Monroe ",14.1
"2136",39113,"OH","Montgomery ",16.9
"2137",39115,"OH","Morgan ",17
"2138",39117,"OH","Morrow ",11.9
"2139",39119,"OH","Muskingum ",16.6
"2140",39121,"OH","Noble ",18.1
"2141",39123,"OH","Ottawa ",9.5
"2142",39125,"OH","Paulding ",10.3
"2143",39127,"OH","Perry ",16.4
"2144",39129,"OH","Pickaway ",12.1
"2145",39131,"OH","Pike ",20.5
"2146",39133,"OH","Portage ",11.3
"2147",39135,"OH","Preble ",9.7
"2148",39137,"OH","Putnam ",5.5
"2149",39139,"OH","Richland ",14.4
"2150",39141,"OH","Ross ",18.4
"2151",39143,"OH","Sandusky ",10
"2152",39145,"OH","Scioto ",22.6
"2153",39147,"OH","Seneca ",12.1
"2154",39149,"OH","Shelby ",9
"2155",39151,"OH","Stark ",14.4
"2156",39153,"OH","Summit ",12
"2157",39155,"OH","Trumbull ",17.6
"2158",39157,"OH","Tuscarawas ",12.3
"2159",39159,"OH","Union ",5
"2160",39161,"OH","Van Wert ",8.4
"2161",39163,"OH","Vinton ",19
"2162",39165,"OH","Warren ",5.2
"2163",39167,"OH","Washington ",15.9
"2164",39169,"OH","Wayne ",9.4
"2165",39171,"OH","Williams ",9.7
"2166",39173,"OH","Wood ",11.9
"2167",39175,"OH","Wyandot ",8
"2169",40001,"OK","Adair ",24.6
"2170",40003,"OK","Alfalfa ",15.2
"2171",40005,"OK","Atoka ",20.8
"2172",40007,"OK","Beaver ",11.2
"2173",40009,"OK","Beckham ",16.3
"2174",40011,"OK","Blaine ",16
"2175",40013,"OK","Bryan ",16.6
"2176",40015,"OK","Caddo ",19.5
"2177",40017,"OK","Canadian ",7.3
"2178",40019,"OK","Carter ",17.7
"2179",40021,"OK","Cherokee ",21
"2180",40023,"OK","Choctaw ",23
"2181",40025,"OK","Cimarron ",16.4
"2182",40027,"OK","Cleveland ",11.9
"2183",40029,"OK","Coal ",22.6
"2184",40031,"OK","Comanche ",16.7
"2185",40033,"OK","Cotton ",16.2
"2186",40035,"OK","Craig ",19.5
"2187",40037,"OK","Creek ",14
"2188",40039,"OK","Custer ",18.2
"2189",40041,"OK","Delaware ",20.7
"2190",40043,"OK","Dewey ",12.1
"2191",40045,"OK","Ellis ",12.7
"2192",40047,"OK","Garfield ",15.2
"2193",40049,"OK","Garvin ",15.1
"2194",40051,"OK","Grady ",10.1
"2195",40053,"OK","Grant ",12.7
"2196",40055,"OK","Greer ",26
"2197",40057,"OK","Harmon ",23.9
"2198",40059,"OK","Harper ",11
"2199",40061,"OK","Haskell ",23.3
"2200",40063,"OK","Hughes ",24.6
"2201",40065,"OK","Jackson ",15.3
"2202",40067,"OK","Jefferson ",24.7
"2203",40069,"OK","Johnston ",19.5
"2204",40071,"OK","Kay ",20.4
"2205",40073,"OK","Kingfisher ",9.9
"2206",40075,"OK","Kiowa ",16.9
"2207",40077,"OK","Latimer ",17.9
"2208",40079,"OK","Le Flore ",22.6
"2209",40081,"OK","Lincoln ",14.7
"2210",40083,"OK","Logan ",10.4
"2211",40085,"OK","Love ",14.6
"2212",40087,"OK","McClain ",9.1
"2213",40089,"OK","McCurtain ",21.1
"2214",40091,"OK","McIntosh ",23.9
"2215",40093,"OK","Major ",10.8
"2216",40095,"OK","Marshall ",18
"2217",40097,"OK","Mayes ",15.5
"2218",40099,"OK","Murray ",14.9
"2219",40101,"OK","Muskogee ",15.6
"2220",40103,"OK","Noble ",12.9
"2221",40105,"OK","Nowata ",16.5
"2222",40107,"OK","Okfuskee ",26.1
"2223",40109,"OK","Oklahoma ",16.9
"2224",40111,"OK","Okmulgee ",21.5
"2225",40113,"OK","Osage ",15.1
"2226",40115,"OK","Ottawa ",20.6
"2227",40117,"OK","Pawnee ",14.7
"2228",40119,"OK","Payne ",22.8
"2229",40121,"OK","Pittsburg ",19.7
"2230",40123,"OK","Pontotoc ",15.3
"2231",40125,"OK","Pottawatomie ",17.6
"2232",40127,"OK","Pushmataha ",19.7
"2233",40129,"OK","Roger Mills ",13.9
"2234",40131,"OK","Rogers ",9.8
"2235",40133,"OK","Seminole ",18.6
"2236",40135,"OK","Sequoyah ",18.8
"2237",40137,"OK","Stephens ",15
"2238",40139,"OK","Texas ",12.7
"2239",40141,"OK","Tillman ",21.1
"2240",40143,"OK","Tulsa ",14.1
"2241",40145,"OK","Wagoner ",10
"2242",40147,"OK","Washington ",13
"2243",40149,"OK","Washita ",17.8
"2244",40151,"OK","Woods ",15.2
"2245",40153,"OK","Woodward ",14.8
"2247",41001,"OR","Baker ",15.4
"2248",41003,"OR","Benton ",15.8
"2249",41005,"OR","Clackamas ",7.3
"2250",41007,"OR","Clatsop ",11
"2251",41009,"OR","Columbia ",10.2
"2252",41011,"OR","Coos ",15.9
"2253",41013,"OR","Crook ",12.9
"2254",41015,"OR","Curry ",14.9
"2255",41017,"OR","Deschutes ",9.4
"2256",41019,"OR","Douglas ",15
"2257",41021,"OR","Gilliam ",11.4
"2258",41023,"OR","Grant ",16.4
"2259",41025,"OR","Harney ",15.1
"2260",41027,"OR","Hood River ",10.9
"2261",41029,"OR","Jackson ",14.8
"2262",41031,"OR","Jefferson ",16
"2263",41033,"OR","Josephine ",17
"2264",41035,"OR","Klamath ",18.5
"2265",41037,"OR","Lake ",18.3
"2266",41039,"OR","Lane ",18.1
"2267",41041,"OR","Lincoln ",13.6
"2268",41043,"OR","Linn ",12.7
"2269",41045,"OR","Malheur ",21
"2270",41047,"OR","Marion ",14.5
"2271",41049,"OR","Morrow ",15.4
"2272",41051,"OR","Multnomah ",12
"2273",41053,"OR","Polk ",12.7
"2274",41055,"OR","Sherman ",13.9
"2275",41057,"OR","Tillamook ",13.2
"2276",41059,"OR","Umatilla ",15.8
"2277",41061,"OR","Union ",13.9
"2278",41063,"OR","Wallowa ",14.5
"2279",41065,"OR","Wasco ",13.4
"2280",41067,"OR","Washington ",8.8
"2281",41069,"OR","Wheeler ",19.2
"2282",41071,"OR","Yamhill ",12.2
"2284",42001,"PA","Adams ",8
"2285",42003,"PA","Allegheny ",11.7
"2286",42005,"PA","Armstrong ",9.2
"2287",42007,"PA","Beaver ",11.2
"2288",42009,"PA","Bedford ",10.5
"2289",42011,"PA","Berks ",11.4
"2290",42013,"PA","Blair ",14.4
"2291",42015,"PA","Bradford ",12.5
"2292",42017,"PA","Bucks ",5.7
"2293",42019,"PA","Butler ",8.7
"2294",42021,"PA","Cambria ",14.7
"2295",42023,"PA","Cameron ",13.9
"2296",42025,"PA","Carbon ",11.9
"2297",42027,"PA","Centre ",18.1
"2298",42029,"PA","Chester ",6.7
"2299",42031,"PA","Clarion ",15.3
"2300",42033,"PA","Clearfield ",15.4
"2301",42035,"PA","Clinton ",12.3
"2302",42037,"PA","Columbia ",12.3
"2303",42039,"PA","Crawford ",13.4
"2304",42041,"PA","Cumberland ",7.3
"2305",42043,"PA","Dauphin ",13.2
"2306",42045,"PA","Delaware ",8.8
"2307",42047,"PA","Elk ",9.2
"2308",42049,"PA","Erie ",15.3
"2309",42051,"PA","Fayette ",14.6
"2310",42053,"PA","Forest ",24
"2311",42055,"PA","Franklin ",11
"2312",42057,"PA","Fulton ",11.5
"2313",42059,"PA","Greene ",15.9
"2314",42061,"PA","Huntingdon ",13.7
"2315",42063,"PA","Indiana ",15.5
"2316",42065,"PA","Jefferson ",14.4
"2317",42067,"PA","Juniata ",9.4
"2318",42069,"PA","Lackawanna ",14.2
"2319",42071,"PA","Lancaster ",7.9
"2320",42073,"PA","Lawrence ",15.8
"2321",42075,"PA","Lebanon ",10
"2322",42077,"PA","Lehigh ",12
"2323",42079,"PA","Luzerne ",14.3
"2324",42081,"PA","Lycoming ",13
"2325",42083,"PA","Mc Kean ",16.8
"2326",42085,"PA","Mercer ",15.3
"2327",42087,"PA","Mifflin ",15.1
"2328",42089,"PA","Monroe ",12.3
"2329",42091,"PA","Montgomery ",5.9
"2330",42093,"PA","Montour ",10.1
"2331",42095,"PA","Northampton ",10.2
"2332",42097,"PA","Northumberland ",13.3
"2333",42099,"PA","Perry ",9.8
"2334",42101,"PA","Philadelphia ",24.3
"2335",42103,"PA","Pike ",10.3
"2336",42105,"PA","Potter ",14.8
"2337",42107,"PA","Schuylkill ",13
"2338",42109,"PA","Snyder ",10.7
"2339",42111,"PA","Somerset ",12
"2340",42113,"PA","Sullivan ",14.3
"2341",42115,"PA","Susquehanna ",12.8
"2342",42117,"PA","Tioga ",15
"2343",42119,"PA","Union ",12.6
"2344",42121,"PA","Venango ",15
"2345",42123,"PA","Warren ",11.2
"2346",42125,"PA","Washington ",9
"2347",42127,"PA","Wayne ",13
"2348",42129,"PA","Westmoreland ",9.2
"2349",42131,"PA","Wyoming ",11.8
"2350",42133,"PA","York ",8.8
"2352",44001,"RI","Bristol ",7.7
"2353",44003,"RI","Kent ",7.8
"2354",44005,"RI","Newport ",8.1
"2355",44007,"RI","Providence ",16.1
"2356",44009,"RI","Washington ",8
"2358",45001,"SC","Abbeville ",19.1
"2359",45003,"SC","Aiken ",15
"2360",45005,"SC","Allendale ",37.3
"2361",45007,"SC","Anderson ",14.6
"2362",45009,"SC","Bamberg ",26.7
"2363",45011,"SC","Barnwell ",22.4
"2364",45013,"SC","Beaufort ",10.9
"2365",45015,"SC","Berkeley ",12.8
"2366",45017,"SC","Calhoun ",18.4
"2367",45019,"SC","Charleston ",14.2
"2368",45021,"SC","Cherokee ",16.8
"2369",45023,"SC","Chester ",18.2
"2370",45025,"SC","Chesterfield ",20.9
"2371",45027,"SC","Clarendon ",26.4
"2372",45029,"SC","Colleton ",20
"2373",45031,"SC","Darlington ",23.5
"2374",45033,"SC","Dillon ",32.1
"2375",45035,"SC","Dorchester ",11
"2376",45037,"SC","Edgefield ",18.5
"2377",45039,"SC","Fairfield ",23.7
"2378",45041,"SC","Florence ",18
"2379",45043,"SC","Georgetown ",19.6
"2380",45045,"SC","Greenville ",11.1
"2381",45047,"SC","Greenwood ",18.3
"2382",45049,"SC","Hampton ",25.8
"2383",45051,"SC","Horry ",14.3
"2384",45053,"SC","Jasper ",19
"2385",45055,"SC","Kershaw ",14.5
"2386",45057,"SC","Lancaster ",13.3
"2387",45059,"SC","Laurens ",19.7
"2388",45061,"SC","Lee ",28.1
"2389",45063,"SC","Lexington ",12.5
"2390",45065,"SC","McCormick ",18.6
"2391",45067,"SC","Marion ",25.5
"2392",45069,"SC","Marlboro ",30
"2393",45071,"SC","Newberry ",17.1
"2394",45073,"SC","Oconee ",14.4
"2395",45075,"SC","Orangeburg ",25.9
"2396",45077,"SC","Pickens ",16.6
"2397",45079,"SC","Richland ",16.7
"2398",45081,"SC","Saluda ",14.9
"2399",45083,"SC","Spartanburg ",13.6
"2400",45085,"SC","Sumter ",18.7
"2401",45087,"SC","Union ",20.4
"2402",45089,"SC","Williamsburg ",26
"2403",45091,"SC","York ",9.8
"2405",46003,"SD","Aurora ",10.2
"2406",46005,"SD","Beadle ",12.9
"2407",46007,"SD","Bennett ",32.5
"2408",46009,"SD","Bon Homme ",15.7
"2409",46011,"SD","Brookings ",11.8
"2410",46013,"SD","Brown ",11
"2411",46015,"SD","Brule ",15.8
"2412",46017,"SD","Buffalo ",45.7
"2413",46019,"SD","Butte ",14.3
"2414",46021,"SD","Campbell ",10.9
"2415",46023,"SD","Charles Mix ",20.9
"2416",46025,"SD","Clark ",12.6
"2417",46027,"SD","Clay ",19.5
"2418",46029,"SD","Codington ",11.3
"2419",46031,"SD","Corson ",33.6
"2420",46033,"SD","Custer ",10.1
"2421",46035,"SD","Davison ",12
"2422",46037,"SD","Day ",15.3
"2423",46039,"SD","Deuel ",9.1
"2424",46041,"SD","Dewey ",25.8
"2425",46043,"SD","Douglas ",12.1
"2426",46045,"SD","Edmunds ",11.5
"2427",46047,"SD","Fall River ",13
"2428",46049,"SD","Faulk ",15.6
"2429",46051,"SD","Grant ",9.9
"2430",46053,"SD","Gregory ",16.5
"2431",46055,"SD","Haakon ",11
"2432",46057,"SD","Hamlin ",9.3
"2433",46059,"SD","Hand ",9.8
"2434",46061,"SD","Hanson ",8.8
"2435",46063,"SD","Harding ",10.7
"2436",46065,"SD","Hughes ",9.4
"2437",46067,"SD","Hutchinson ",11.5
"2438",46069,"SD","Hyde ",10.3
"2439",46071,"SD","Jackson ",32.7
"2440",46073,"SD","Jerauld ",14.5
"2441",46075,"SD","Jones ",13.2
"2442",46077,"SD","Kingsbury ",9
"2443",46079,"SD","Lake ",10.2
"2444",46081,"SD","Lawrence ",12.7
"2445",46083,"SD","Lincoln ",4.4
"2446",46085,"SD","Lyman ",21.1
"2447",46087,"SD","McCook ",9.6
"2448",46089,"SD","McPherson ",17.1
"2449",46091,"SD","Marshall ",12
"2450",46093,"SD","Meade ",8.4
"2451",46095,"SD","Mellette ",35.2
"2452",46097,"SD","Miner ",11.5
"2453",46099,"SD","Minnehaha ",9.6
"2454",46101,"SD","Moody ",9.9
"2455",46102,"SD","Oglala Lakota ",54
"2456",46103,"SD","Pennington ",13.3
"2457",46105,"SD","Perkins ",13.7
"2458",46107,"SD","Potter ",10.2
"2459",46109,"SD","Roberts ",21.3
"2460",46111,"SD","Sanborn ",12.9
"2461",46115,"SD","Spink ",12.6
"2462",46117,"SD","Stanley ",7.8
"2463",46119,"SD","Sully ",8.8
"2464",46121,"SD","Todd ",48.4
"2465",46123,"SD","Tripp ",19.9
"2466",46125,"SD","Turner ",9.4
"2467",46127,"SD","Union ",5.9
"2468",46129,"SD","Walworth ",15
"2469",46135,"SD","Yankton ",11
"2470",46137,"SD","Ziebach ",43.9
"2472",47001,"TN","Anderson ",16.5
"2473",47003,"TN","Bedford ",14.4
"2474",47005,"TN","Benton ",19.2
"2475",47007,"TN","Bledsoe ",26.7
"2476",47009,"TN","Blount ",9.9
"2477",47011,"TN","Bradley ",14.7
"2478",47013,"TN","Campbell ",21.6
"2479",47015,"TN","Cannon ",14.2
"2480",47017,"TN","Carroll ",18.6
"2481",47019,"TN","Carter ",19.1
"2482",47021,"TN","Cheatham ",10.3
"2483",47023,"TN","Chester ",15.9
"2484",47025,"TN","Claiborne ",23.4
"2485",47027,"TN","Clay ",21
"2486",47029,"TN","Cocke ",22.5
"2487",47031,"TN","Coffee ",15.9
"2488",47033,"TN","Crockett ",19.4
"2489",47035,"TN","Cumberland ",14.4
"2490",47037,"TN","Davidson ",15.4
"2491",47039,"TN","Decatur ",18.2
"2492",47041,"TN","DeKalb ",17.4
"2493",47043,"TN","Dickson ",13.8
"2494",47045,"TN","Dyer ",18.4
"2495",47047,"TN","Fayette ",13.1
"2496",47049,"TN","Fentress ",20.6
"2497",47051,"TN","Franklin ",16
"2498",47053,"TN","Gibson ",16.5
"2499",47055,"TN","Giles ",14.5
"2500",47057,"TN","Grainger ",18.4
"2501",47059,"TN","Greene ",15.1
"2502",47061,"TN","Grundy ",21.2
"2503",47063,"TN","Hamblen ",17.1
"2504",47065,"TN","Hamilton ",13
"2505",47067,"TN","Hancock ",29.9
"2506",47069,"TN","Hardeman ",23.5
"2507",47071,"TN","Hardin ",20.3
"2508",47073,"TN","Hawkins ",18.4
"2509",47075,"TN","Haywood ",20.5
"2510",47077,"TN","Henderson ",18
"2511",47079,"TN","Henry ",18.8
"2512",47081,"TN","Hickman ",16.3
"2513",47083,"TN","Houston ",16.7
"2514",47085,"TN","Humphreys ",13.6
"2515",47087,"TN","Jackson ",19.8
"2516",47089,"TN","Jefferson ",13.8
"2517",47091,"TN","Johnson ",20.7
"2518",47093,"TN","Knox ",13.2
"2519",47095,"TN","Lake ",36.5
"2520",47097,"TN","Lauderdale ",24.9
"2521",47099,"TN","Lawrence ",17.7
"2522",47101,"TN","Lewis ",17.5
"2523",47103,"TN","Lincoln ",14.4
"2524",47105,"TN","Loudon ",9.1
"2525",47107,"TN","McMinn ",15.9
"2526",47109,"TN","McNairy ",17.4
"2527",47111,"TN","Macon ",18.1
"2528",47113,"TN","Madison ",17.8
"2529",47115,"TN","Marion ",15.3
"2530",47117,"TN","Marshall ",14.1
"2531",47119,"TN","Maury ",10.8
"2532",47121,"TN","Meigs ",17.8
"2533",47123,"TN","Monroe ",15.7
"2534",47125,"TN","Montgomery ",12
"2535",47127,"TN","Moore ",9.1
"2536",47129,"TN","Morgan ",20.4
"2537",47131,"TN","Obion ",17.7
"2538",47133,"TN","Overton ",15
"2539",47135,"TN","Perry ",17.6
"2540",47137,"TN","Pickett ",16
"2541",47139,"TN","Polk ",15.8
"2542",47141,"TN","Putnam ",14.5
"2543",47143,"TN","Rhea ",18.4
"2544",47145,"TN","Roane ",14.8
"2545",47147,"TN","Robertson ",10.6
"2546",47149,"TN","Rutherford ",10.4
"2547",47151,"TN","Scott ",21.2
"2548",47153,"TN","Sequatchie ",16
"2549",47155,"TN","Sevier ",13.9
"2550",47157,"TN","Shelby ",21.7
"2551",47159,"TN","Smith ",13.9
"2552",47161,"TN","Stewart ",13.9
"2553",47163,"TN","Sullivan ",16.5
"2554",47165,"TN","Sumner ",8.9
"2555",47167,"TN","Tipton ",12
"2556",47169,"TN","Trousdale ",18.6
"2557",47171,"TN","Unicoi ",16.1
"2558",47173,"TN","Union ",19.8
"2559",47175,"TN","Van Buren ",16.3
"2560",47177,"TN","Warren ",22.5
"2561",47179,"TN","Washington ",14.9
"2562",47181,"TN","Wayne ",21.3
"2563",47183,"TN","Weakley ",19.7
"2564",47185,"TN","White ",17.3
"2565",47187,"TN","Williamson ",3.8
"2566",47189,"TN","Wilson ",7.8
"2568",48001,"TX","Anderson ",19.8
"2569",48003,"TX","Andrews ",10.7
"2570",48005,"TX","Angelina ",17.9
"2571",48007,"TX","Aransas ",19.9
"2572",48009,"TX","Archer ",10.6
"2573",48011,"TX","Armstrong ",10.7
"2574",48013,"TX","Atascosa ",15.7
"2575",48015,"TX","Austin ",10.2
"2576",48017,"TX","Bailey ",15.8
"2577",48019,"TX","Bandera ",13.4
"2578",48021,"TX","Bastrop ",12.6
"2579",48023,"TX","Baylor ",16.1
"2580",48025,"TX","Bee ",26.7
"2581",48027,"TX","Bell ",13
"2582",48029,"TX","Bexar ",17.2
"2583",48031,"TX","Blanco ",10.1
"2584",48033,"TX","Borden ",10
"2585",48035,"TX","Bosque ",14.9
"2586",48037,"TX","Bowie ",19.1
"2587",48039,"TX","Brazoria ",10.1
"2588",48041,"TX","Brazos ",23.2
"2589",48043,"TX","Brewster ",16
"2590",48045,"TX","Briscoe ",16.2
"2591",48047,"TX","Brooks ",31
"2592",48049,"TX","Brown ",13.2
"2593",48051,"TX","Burleson ",14.8
"2594",48053,"TX","Burnet ",11
"2595",48055,"TX","Caldwell ",14.1
"2596",48057,"TX","Calhoun ",14.2
"2597",48059,"TX","Callahan ",12
"2598",48061,"TX","Cameron ",27.9
"2599",48063,"TX","Camp ",18.8
"2600",48065,"TX","Carson ",8.9
"2601",48067,"TX","Cass ",20.4
"2602",48069,"TX","Castro ",17.5
"2603",48071,"TX","Chambers ",8.5
"2604",48073,"TX","Cherokee ",17.4
"2605",48075,"TX","Childress ",21.2
"2606",48077,"TX","Clay ",10.9
"2607",48079,"TX","Cochran ",21.9
"2608",48081,"TX","Coke ",14.1
"2609",48083,"TX","Coleman ",19.3
"2610",48085,"TX","Collin ",6.4
"2611",48087,"TX","Collingsworth ",17.3
"2612",48089,"TX","Colorado ",13.7
"2613",48091,"TX","Comal ",7.1
"2614",48093,"TX","Comanche ",16.4
"2615",48095,"TX","Concho ",26.6
"2616",48097,"TX","Cooke ",14.8
"2617",48099,"TX","Coryell ",15
"2618",48101,"TX","Cottle ",21.2
"2619",48103,"TX","Crane ",10.1
"2620",48105,"TX","Crockett ",15.3
"2621",48107,"TX","Crosby ",23.7
"2622",48109,"TX","Culberson ",20.3
"2623",48111,"TX","Dallam ",12.1
"2624",48113,"TX","Dallas ",14.2
"2625",48115,"TX","Dawson ",22.9
"2626",48117,"TX","Deaf Smith ",17.5
"2627",48119,"TX","Delta ",17.2
"2628",48121,"TX","Denton ",7.3
"2629",48123,"TX","DeWitt ",18.4
"2630",48125,"TX","Dickens ",20.3
"2631",48127,"TX","Dimmit ",24.6
"2632",48129,"TX","Donley ",18.6
"2633",48131,"TX","Duval ",25.5
"2634",48133,"TX","Eastland ",18.7
"2635",48135,"TX","Ector ",12.9
"2636",48137,"TX","Edwards ",22.1
"2637",48139,"TX","Ellis ",8.8
"2638",48141,"TX","El Paso ",20.5
"2639",48143,"TX","Erath ",18.1
"2640",48145,"TX","Falls ",21.7
"2641",48147,"TX","Fannin ",13.8
"2642",48149,"TX","Fayette ",13.3
"2643",48151,"TX","Fisher ",15.5
"2644",48153,"TX","Floyd ",21
"2645",48155,"TX","Foard ",18
"2646",48157,"TX","Fort Bend ",7.9
"2647",48159,"TX","Franklin ",15.2
"2648",48161,"TX","Freestone ",13.7
"2649",48163,"TX","Frio ",27.5
"2650",48165,"TX","Gaines ",15.4
"2651",48167,"TX","Galveston ",12.1
"2652",48169,"TX","Garza ",24.6
"2653",48171,"TX","Gillespie ",9.6
"2654",48173,"TX","Glasscock ",9.7
"2655",48175,"TX","Goliad ",14.4
"2656",48177,"TX","Gonzales ",16.9
"2657",48179,"TX","Gray ",16.7
"2658",48181,"TX","Grayson ",12.3
"2659",48183,"TX","Gregg ",15.1
"2660",48185,"TX","Grimes ",17.5
"2661",48187,"TX","Guadalupe ",8.5
"2662",48189,"TX","Hale ",18.4
"2663",48191,"TX","Hall ",24.1
"2664",48193,"TX","Hamilton ",14.7
"2665",48195,"TX","Hansford ",11.6
"2666",48197,"TX","Hardeman ",17.4
"2667",48199,"TX","Hardin ",12.4
"2668",48201,"TX","Harris ",16.5
"2669",48203,"TX","Harrison ",14.7
"2670",48205,"TX","Hartley ",9.5
"2671",48207,"TX","Haskell ",23.1
"2672",48209,"TX","Hays ",13.2
"2673",48211,"TX","Hemphill ",9.6
"2674",48213,"TX","Henderson ",19.4
"2675",48215,"TX","Hidalgo ",30
"2676",48217,"TX","Hill ",12.6
"2677",48219,"TX","Hockley ",19.5
"2678",48221,"TX","Hood ",10.2
"2679",48223,"TX","Hopkins ",14.6
"2680",48225,"TX","Houston ",26.1
"2681",48227,"TX","Howard ",20.6
"2682",48229,"TX","Hudspeth ",17.8
"2683",48231,"TX","Hunt ",13.6
"2684",48233,"TX","Hutchinson ",13
"2685",48235,"TX","Irion ",8.1
"2686",48237,"TX","Jack ",17.7
"2687",48239,"TX","Jackson ",12.9
"2688",48241,"TX","Jasper ",19.2
"2689",48243,"TX","Jeff Davis ",13.1
"2690",48245,"TX","Jefferson ",18.7
"2691",48247,"TX","Jim Hogg ",25.2
"2692",48249,"TX","Jim Wells ",21.2
"2693",48251,"TX","Johnson ",10.7
"2694",48253,"TX","Jones ",22
"2695",48255,"TX","Karnes ",21.8
"2696",48257,"TX","Kaufman ",11.5
"2697",48259,"TX","Kendall ",7.5
"2698",48261,"TX","Kenedy ",14.3
"2699",48263,"TX","Kent ",13.3
"2700",48265,"TX","Kerr ",13.9
"2701",48267,"TX","Kimble ",17.6
"2702",48269,"TX","King ",13.7
"2703",48271,"TX","Kinney ",21.1
"2704",48273,"TX","Kleberg ",25
"2705",48275,"TX","Knox ",20.4
"2706",48277,"TX","Lamar ",14.4
"2707",48279,"TX","Lamb ",20
"2708",48281,"TX","Lampasas ",12.9
"2709",48283,"TX","La Salle ",29.6
"2710",48285,"TX","Lavaca ",13.5
"2711",48287,"TX","Lee ",12.3
"2712",48289,"TX","Leon ",15.6
"2713",48291,"TX","Liberty ",15.1
"2714",48293,"TX","Limestone ",22.2
"2715",48295,"TX","Lipscomb ",12
"2716",48297,"TX","Live Oak ",18.7
"2717",48299,"TX","Llano ",12.3
"2718",48301,"TX","Loving ",3.3
"2719",48303,"TX","Lubbock ",17.6
"2720",48305,"TX","Lynn ",18.3
"2721",48307,"TX","McCulloch ",18.5
"2722",48309,"TX","McLennan ",18.9
"2723",48311,"TX","McMullen ",11.1
"2724",48313,"TX","Madison ",17.9
"2725",48315,"TX","Marion ",21.9
"2726",48317,"TX","Martin ",13.6
"2727",48319,"TX","Mason ",12.7
"2728",48321,"TX","Matagorda ",18.4
"2729",48323,"TX","Maverick ",25.9
"2730",48325,"TX","Medina ",12.3
"2731",48327,"TX","Menard ",21.6
"2732",48329,"TX","Midland ",10.1
"2733",48331,"TX","Milam ",15.6
"2734",48333,"TX","Mills ",14.6
"2735",48335,"TX","Mitchell ",21.4
"2736",48337,"TX","Montague ",13.8
"2737",48339,"TX","Montgomery ",9.3
"2738",48341,"TX","Moore ",12.2
"2739",48343,"TX","Morris ",20.2
"2740",48345,"TX","Motley ",17.8
"2741",48347,"TX","Nacogdoches ",21.6
"2742",48349,"TX","Navarro ",20
"2743",48351,"TX","Newton ",22.3
"2744",48353,"TX","Nolan ",18.2
"2745",48355,"TX","Nueces ",16.2
"2746",48357,"TX","Ochiltree ",10.5
"2747",48359,"TX","Oldham ",13
"2748",48361,"TX","Orange ",13.4
"2749",48363,"TX","Palo Pinto ",15.9
"2750",48365,"TX","Panola ",15.7
"2751",48367,"TX","Parker ",8.3
"2752",48369,"TX","Parmer ",13.5
"2753",48371,"TX","Pecos ",19.5
"2754",48373,"TX","Polk ",15
"2755",48375,"TX","Potter ",19.7
"2756",48377,"TX","Presidio ",22.4
"2757",48379,"TX","Rains ",14.5
"2758",48381,"TX","Randall ",8.5
"2759",48383,"TX","Reagan ",10
"2760",48385,"TX","Real ",18.1
"2761",48387,"TX","Red River ",18.2
"2762",48389,"TX","Reeves ",21.5
"2763",48391,"TX","Refugio ",16.3
"2764",48393,"TX","Roberts ",7.8
"2765",48395,"TX","Robertson ",15.8
"2766",48397,"TX","Rockwall ",5.1
"2767",48399,"TX","Runnels ",16.9
"2768",48401,"TX","Rusk ",16.4
"2769",48403,"TX","Sabine ",17.6
"2770",48405,"TX","San Augustine ",22.2
"2771",48407,"TX","San Jacinto ",17.5
"2772",48409,"TX","San Patricio ",17.3
"2773",48411,"TX","San Saba ",16.8
"2774",48413,"TX","Schleicher ",16.5
"2775",48415,"TX","Scurry ",15.8
"2776",48417,"TX","Shackelford ",13.4
"2777",48419,"TX","Shelby ",20.6
"2778",48421,"TX","Sherman ",12.1
"2779",48423,"TX","Smith ",15
"2780",48425,"TX","Somervell ",9.7
"2781",48427,"TX","Starr ",33.2
"2782",48429,"TX","Stephens ",19.4
"2783",48431,"TX","Sterling ",12.6
"2784",48433,"TX","Stonewall ",14.6
"2785",48435,"TX","Sutton ",14.2
"2786",48437,"TX","Swisher ",19.2
"2787",48439,"TX","Tarrant ",12.1
"2788",48441,"TX","Taylor ",16
"2789",48443,"TX","Terrell ",18.9
"2790",48445,"TX","Terry ",22.4
"2791",48447,"TX","Throckmorton ",14.3
"2792",48449,"TX","Titus ",18.6
"2793",48451,"TX","Tom Green ",15.5
"2794",48453,"TX","Travis ",12
"2795",48455,"TX","Trinity ",17.7
"2796",48457,"TX","Tyler ",18.2
"2797",48459,"TX","Upshur ",15.9
"2798",48461,"TX","Upton ",14.2
"2799",48463,"TX","Uvalde ",22.9
"2800",48465,"TX","Val Verde ",18.9
"2801",48467,"TX","Van Zandt ",15.6
"2802",48469,"TX","Victoria ",15.4
"2803",48471,"TX","Walker ",26.1
"2804",48473,"TX","Waller ",15.9
"2805",48475,"TX","Ward ",13.9
"2806",48477,"TX","Washington ",13.8
"2807",48479,"TX","Webb ",25.7
"2808",48481,"TX","Wharton ",16.8
"2809",48483,"TX","Wheeler ",14
"2810",48485,"TX","Wichita ",17.8
"2811",48487,"TX","Wilbarger ",15.3
"2812",48489,"TX","Willacy ",35
"2813",48491,"TX","Williamson ",6.4
"2814",48493,"TX","Wilson ",10.9
"2815",48495,"TX","Winkler ",14.1
"2816",48497,"TX","Wise ",9.9
"2817",48499,"TX","Wood ",15.3
"2818",48501,"TX","Yoakum ",12.1
"2819",48503,"TX","Young ",13.9
"2820",48505,"TX","Zapata ",32.1
"2821",48507,"TX","Zavala ",32
"2823",49001,"UT","Beaver ",9.4
"2824",49003,"UT","Box Elder ",7.3
"2825",49005,"UT","Cache ",12.9
"2826",49007,"UT","Carbon ",14.4
"2827",49009,"UT","Daggett ",6.5
"2828",49011,"UT","Davis ",5.7
"2829",49013,"UT","Duchesne ",11.9
"2830",49015,"UT","Emery ",12.5
"2831",49017,"UT","Garfield ",11.2
"2832",49019,"UT","Grand ",11.3
"2833",49021,"UT","Iron ",14.4
"2834",49023,"UT","Juab ",8.5
"2835",49025,"UT","Kane ",10.5
"2836",49027,"UT","Millard ",11.3
"2837",49029,"UT","Morgan ",4
"2838",49031,"UT","Piute ",18.6
"2839",49033,"UT","Rich ",8.9
"2840",49035,"UT","Salt Lake ",9
"2841",49037,"UT","San Juan ",22.6
"2842",49039,"UT","Sanpete ",14.8
"2843",49041,"UT","Sevier ",12
"2844",49043,"UT","Summit ",6.2
"2845",49045,"UT","Tooele ",6.8
"2846",49047,"UT","Uintah ",11.5
"2847",49049,"UT","Utah ",9.4
"2848",49051,"UT","Wasatch ",5.3
"2849",49053,"UT","Washington ",9.7
"2850",49055,"UT","Wayne ",12.9
"2851",49057,"UT","Weber ",9.4
"2853",50001,"VT","Addison ",8.9
"2854",50003,"VT","Bennington ",11.4
"2855",50005,"VT","Caledonia ",12.5
"2856",50007,"VT","Chittenden ",10.4
"2857",50009,"VT","Essex ",15.5
"2858",50011,"VT","Franklin ",11.1
"2859",50013,"VT","Grand Isle ",8.2
"2860",50015,"VT","Lamoille ",11
"2861",50017,"VT","Orange ",10.2
"2862",50019,"VT","Orleans ",12.2
"2863",50021,"VT","Rutland ",10.4
"2864",50023,"VT","Washington ",10.8
"2865",50025,"VT","Windham ",12
"2866",50027,"VT","Windsor ",9.6
"2868",51001,"VA","Accomack ",17.3
"2869",51003,"VA","Albemarle ",8.7
"2870",51005,"VA","Alleghany ",14.8
"2871",51007,"VA","Amelia ",9.9
"2872",51009,"VA","Amherst ",13
"2873",51011,"VA","Appomattox ",13.5
"2874",51013,"VA","Arlington ",6.3
"2875",51015,"VA","Augusta ",9
"2876",51017,"VA","Bath ",10.7
"2877",51019,"VA","Bedford ",10.4
"2878",51021,"VA","Bland ",14.1
"2879",51023,"VA","Botetourt ",7.4
"2880",51025,"VA","Brunswick ",22.5
"2881",51027,"VA","Buchanan ",27.6
"2882",51029,"VA","Buckingham ",20.2
"2883",51031,"VA","Campbell ",11.3
"2884",51033,"VA","Caroline ",9.7
"2885",51035,"VA","Carroll ",15.7
"2886",51036,"VA","Charles City ",12.3
"2887",51037,"VA","Charlotte ",19.3
"2888",51041,"VA","Chesterfield ",7.6
"2889",51043,"VA","Clarke ",6.5
"2890",51045,"VA","Craig ",11.9
"2891",51047,"VA","Culpeper ",8.7
"2892",51049,"VA","Cumberland ",15.7
"2893",51051,"VA","Dickenson ",25.2
"2894",51053,"VA","Dinwiddie ",12.5
"2895",51057,"VA","Essex ",13.7
"2896",51059,"VA","Fairfax ",6.1
"2897",51061,"VA","Fauquier ",6.1
"2898",51063,"VA","Floyd ",12.3
"2899",51065,"VA","Fluvanna ",6.9
"2900",51067,"VA","Franklin ",15.3
"2901",51069,"VA","Frederick ",7
"2902",51071,"VA","Giles ",12.4
"2903",51073,"VA","Gloucester ",9.1
"2904",51075,"VA","Goochland ",6.7
"2905",51077,"VA","Grayson ",18.4
"2906",51079,"VA","Greene ",8.1
"2907",51081,"VA","Greensville ",26.7
"2908",51083,"VA","Halifax ",14.5
"2909",51085,"VA","Hanover ",5.2
"2910",51087,"VA","Henrico ",9
"2911",51089,"VA","Henry ",20
"2912",51091,"VA","Highland ",12.7
"2913",51093,"VA","Isle of Wight ",9.2
"2914",51095,"VA","James City ",7
"2915",51097,"VA","King and Queen ",12.2
"2916",51099,"VA","King George ",6.8
"2917",51101,"VA","King William ",7.3
"2918",51103,"VA","Lancaster ",12.3
"2919",51105,"VA","Lee ",24.8
"2920",51107,"VA","Loudoun ",3.6
"2921",51109,"VA","Louisa ",11.3
"2922",51111,"VA","Lunenburg ",18.2
"2923",51113,"VA","Madison ",10.1
"2924",51115,"VA","Mathews ",9.3
"2925",51117,"VA","Mecklenburg ",18.7
"2926",51119,"VA","Middlesex ",12.7
"2927",51121,"VA","Montgomery ",24.1
"2928",51125,"VA","Nelson ",12.3
"2929",51127,"VA","New Kent ",5.2
"2930",51131,"VA","Northampton ",18.8
"2931",51133,"VA","Northumberland ",14.8
"2932",51135,"VA","Nottoway ",22.4
"2933",51137,"VA","Orange ",9.4
"2934",51139,"VA","Page ",13.9
"2935",51141,"VA","Patrick ",15.5
"2936",51143,"VA","Pittsylvania ",16.4
"2937",51145,"VA","Powhatan ",6.9
"2938",51147,"VA","Prince Edward ",20
"2939",51149,"VA","Prince George ",8.9
"2940",51153,"VA","Prince William ",6.4
"2941",51155,"VA","Pulaski ",14.6
"2942",51157,"VA","Rappahannock ",8.7
"2943",51159,"VA","Richmond ",15.9
"2944",51161,"VA","Roanoke ",6.7
"2945",51163,"VA","Rockbridge ",12
"2946",51165,"VA","Rockingham ",8.7
"2947",51167,"VA","Russell ",21.5
"2948",51169,"VA","Scott ",18.5
"2949",51171,"VA","Shenandoah ",10.4
"2950",51173,"VA","Smyth ",20.4
"2951",51175,"VA","Southampton ",14.7
"2952",51177,"VA","Spotsylvania ",7.5
"2953",51179,"VA","Stafford ",5.4
"2954",51181,"VA","Surry ",12.9
"2955",51183,"VA","Sussex ",22.9
"2956",51185,"VA","Tazewell ",18.2
"2957",51187,"VA","Warren ",10.3
"2958",51191,"VA","Washington ",15.2
"2959",51193,"VA","Westmoreland ",16.4
"2960",51195,"VA","Wise ",25.4
"2961",51197,"VA","Wythe ",15.4
"2962",51199,"VA","York ",5.5
"3002",53001,"WA","Adams ",15.6
"3003",53003,"WA","Asotin ",14
"3004",53005,"WA","Benton ",9.8
"3005",53007,"WA","Chelan ",10.9
"3006",53009,"WA","Clallam ",13.3
"3007",53011,"WA","Clark ",8.8
"3008",53013,"WA","Columbia ",13.3
"3009",53015,"WA","Cowlitz ",12.2
"3010",53017,"WA","Douglas ",10.4
"3011",53019,"WA","Ferry ",17.8
"3012",53021,"WA","Franklin ",13.4
"3013",53023,"WA","Garfield ",13.8
"3014",53025,"WA","Grant ",12.7
"3015",53027,"WA","Grays Harbor ",17.3
"3016",53029,"WA","Island ",7.5
"3017",53031,"WA","Jefferson ",12.7
"3018",53033,"WA","King ",9.2
"3019",53035,"WA","Kitsap ",9.1
"3020",53037,"WA","Kittitas ",15.8
"3021",53039,"WA","Klickitat ",12.7
"3022",53041,"WA","Lewis ",12.5
"3023",53043,"WA","Lincoln ",12.5
"3024",53045,"WA","Mason ",13.7
"3025",53047,"WA","Okanogan ",17
"3026",53049,"WA","Pacific ",15.4
"3027",53051,"WA","Pend Oreille ",15
"3028",53053,"WA","Pierce ",8.7
"3029",53055,"WA","San Juan ",10.2
"3030",53057,"WA","Skagit ",9.7
"3031",53059,"WA","Skamania ",11.7
"3032",53061,"WA","Snohomish ",7.5
"3033",53063,"WA","Spokane ",13
"3034",53065,"WA","Stevens ",13.5
"3035",53067,"WA","Thurston ",8.7
"3036",53069,"WA","Wahkiakum ",10.9
"3037",53071,"WA","Walla Walla ",13.3
"3038",53073,"WA","Whatcom ",14.9
"3039",53075,"WA","Whitman ",25.4
"3040",53077,"WA","Yakima ",16.5
"3042",54001,"WV","Barbour ",20
"3043",54003,"WV","Berkeley ",11.5
"3044",54005,"WV","Boone ",22.5
"3045",54007,"WV","Braxton ",21.6
"3046",54009,"WV","Brooke ",13.7
"3047",54011,"WV","Cabell ",19.3
"3048",54013,"WV","Calhoun ",22.8
"3049",54015,"WV","Clay ",25.1
"3050",54017,"WV","Doddridge ",19
"3051",54019,"WV","Fayette ",22.5
"3052",54021,"WV","Gilmer ",24.8
"3053",54023,"WV","Grant ",14.9
"3054",54025,"WV","Greenbrier ",15.8
"3055",54027,"WV","Hampshire ",20
"3056",54029,"WV","Hancock ",13.2
"3057",54031,"WV","Hardy ",12.9
"3058",54033,"WV","Harrison ",16.7
"3059",54035,"WV","Jackson ",16.7
"3060",54037,"WV","Jefferson ",9.7
"3061",54039,"WV","Kanawha ",17.1
"3062",54041,"WV","Lewis ",17.3
"3063",54043,"WV","Lincoln ",23.3
"3064",54045,"WV","Logan ",24.6
"3065",54047,"WV","McDowell ",35.4
"3066",54049,"WV","Marion ",16.6
"3067",54051,"WV","Marshall ",13.9
"3068",54053,"WV","Mason ",16.9
"3069",54055,"WV","Mercer ",22.7
"3070",54057,"WV","Mineral ",14.5
"3071",54059,"WV","Mingo ",27
"3072",54061,"WV","Monongalia ",18.3
"3073",54063,"WV","Monroe ",14.9
"3074",54065,"WV","Morgan ",10.8
"3075",54067,"WV","Nicholas ",19
"3076",54069,"WV","Ohio ",12.5
"3077",54071,"WV","Pendleton ",14.6
"3078",54073,"WV","Pleasants ",13.6
"3079",54075,"WV","Pocahontas ",17.5
"3080",54077,"WV","Preston ",16.2
"3081",54079,"WV","Putnam ",10
"3082",54081,"WV","Raleigh ",20.7
"3083",54083,"WV","Randolph ",19.4
"3084",54085,"WV","Ritchie ",17.2
"3085",54087,"WV","Roane ",22.1
"3086",54089,"WV","Summers ",26.9
"3087",54091,"WV","Taylor ",16.1
"3088",54093,"WV","Tucker ",13.5
"3089",54095,"WV","Tyler ",15.5
"3090",54097,"WV","Upshur ",19
"3091",54099,"WV","Wayne ",20.9
"3092",54101,"WV","Webster ",23
"3093",54103,"WV","Wetzel ",18.3
"3094",54105,"WV","Wirt ",18.7
"3095",54107,"WV","Wood ",15
"3096",54109,"WV","Wyoming ",24.1
"3098",55001,"WI","Adams ",15.3
"3099",55003,"WI","Ashland ",15.8
"3100",55005,"WI","Barron ",12.3
"3101",55007,"WI","Bayfield ",14.2
"3102",55009,"WI","Brown ",8.6
"3103",55011,"WI","Buffalo ",8.8
"3104",55013,"WI","Burnett ",10.7
"3105",55015,"WI","Calumet ",5.3
"3106",55017,"WI","Chippewa ",11.3
"3107",55019,"WI","Clark ",11.9
"3108",55021,"WI","Columbia ",7.6
"3109",55023,"WI","Crawford ",12.9
"3110",55025,"WI","Dane ",10.8
"3111",55027,"WI","Dodge ",8.9
"3112",55029,"WI","Door ",8.4
"3113",55031,"WI","Douglas ",11.7
"3114",55033,"WI","Dunn ",12.5
"3115",55035,"WI","Eau Claire ",12.9
"3116",55037,"WI","Florence ",11.9
"3117",55039,"WI","Fond du Lac ",9.5
"3118",55041,"WI","Forest ",14.7
"3119",55043,"WI","Grant ",14
"3120",55045,"WI","Green ",7.7
"3121",55047,"WI","Green Lake ",11
"3122",55049,"WI","Iowa ",8.2
"3123",55051,"WI","Iron ",13.2
"3124",55053,"WI","Jackson ",12
"3125",55055,"WI","Jefferson ",8.1
"3126",55057,"WI","Juneau ",13.4
"3127",55059,"WI","Kenosha ",12
"3128",55061,"WI","Kewaunee ",7.3
"3129",55063,"WI","La Crosse ",10.9
"3130",55065,"WI","Lafayette ",11.3
"3131",55067,"WI","Langlade ",12.7
"3132",55069,"WI","Lincoln ",10.6
"3133",55071,"WI","Manitowoc ",10.4
"3134",55073,"WI","Marathon ",7.5
"3135",55075,"WI","Marinette ",12
"3136",55077,"WI","Marquette ",10.8
"3137",55078,"WI","Menominee ",26.5
"3138",55079,"WI","Milwaukee ",19.1
"3139",55081,"WI","Monroe ",13.2
"3140",55083,"WI","Oconto ",9.2
"3141",55085,"WI","Oneida ",9.4
"3142",55087,"WI","Outagamie ",7.2
"3143",55089,"WI","Ozaukee ",4.2
"3144",55091,"WI","Pepin ",10.3
"3145",55093,"WI","Pierce ",8.5
"3146",55095,"WI","Polk ",9.6
"3147",55097,"WI","Portage ",11.3
"3148",55099,"WI","Price ",12.4
"3149",55101,"WI","Racine ",12.6
"3150",55103,"WI","Richland ",14.3
"3151",55105,"WI","Rock ",10.9
"3152",55107,"WI","Rusk ",14.3
"3153",55109,"WI","St. Croix ",4.7
"3154",55111,"WI","Sauk ",8.6
"3155",55113,"WI","Sawyer ",14.5
"3156",55115,"WI","Shawano ",9.6
"3157",55117,"WI","Sheboygan ",7.5
"3158",55119,"WI","Taylor ",10.3
"3159",55121,"WI","Trempealeau ",8
"3160",55123,"WI","Vernon ",13.6
"3161",55125,"WI","Vilas ",10.9
"3162",55127,"WI","Walworth ",10.1
"3163",55129,"WI","Washburn ",12.5
"3164",55131,"WI","Washington ",4.5
"3165",55133,"WI","Waukesha ",5
"3166",55135,"WI","Waupaca ",10.4
"3167",55137,"WI","Waushara ",10.9
"3168",55139,"WI","Winnebago ",10.4
"3169",55141,"WI","Wood ",10.1
"3171",56001,"WY","Albany ",20.4
"3172",56003,"WY","Big Horn ",13
"3173",56005,"WY","Campbell ",9.2
"3174",56007,"WY","Carbon ",13.4
"3175",56009,"WY","Converse ",9.5
"3176",56011,"WY","Crook ",8.2
"3177",56013,"WY","Fremont ",15.7
"3178",56015,"WY","Goshen ",12.9
"3179",56017,"WY","Hot Springs ",13.5
"3180",56019,"WY","Johnson ",10.3
"3181",56021,"WY","Laramie ",9.1
"3182",56023,"WY","Lincoln ",7.9
"3183",56025,"WY","Natrona ",9.9
"3184",56027,"WY","Niobrara ",13.6
"3185",56029,"WY","Park ",10.2
"3186",56031,"WY","Platte ",10.6
"3187",56033,"WY","Sheridan ",8.7
"3188",56035,"WY","Sublette ",6.8
"3189",56037,"WY","Sweetwater ",8.4
"3190",56039,"WY","Teton ",6.3
"3191",56041,"WY","Uinta ",10
"3192",56043,"WY","Washakie ",11.9
"3193",56045,"WY","Weston ",11.8
